userId,zonePincode,zoneLat,zoneLng,cityCluster,platform,avgWeeklyHours,claimHistoryCount,currentMonth,zoneRiskScore,truePremiumMultiplier
d7dd7989-9975-4a92-ad5a-f53c795e01fe,400072,19.165419890406724,72.83856167224336,mumbai,zomato,56.0,2,12,1.164,1.1079
d9a7fdc6-5728-403f-9849-abb5bef3eaf6,110092,28.65546809019707,77.3024848448592,delhi,swiggy,62.1,1,4,1.0437,1.0948
56533bc1-864d-474a-bd8f-6bc28c8d8275,400601,19.220537057894447,72.97078987721304,mumbai,zomato,18.6,0,11,1.0546,0.9977
ffe09294-acbc-49e3-852d-11de2a62ea79,600001,13.0736290082544,80.27285089703804,chennai,zomato,33.1,2,10,1.0697,1.151
440217da-2822-44cf-b1b2-4400a763acf2,380052,23.077084660530243,72.5156030498748,ahmedabad,zomato,42.8,0,1,0.8693,0.942
5b45acfb-5ed7-4bcd-b534-e24a694f530d,400070,19.139650445687078,72.82283422152179,mumbai,swiggy,37.3,0,4,1.2395,1.0857
69fff801-1cc3-47c0-8b57-718098b896ec,560100,13.04519169255529,77.60250265646722,bangalore,amazon,83.3,0,1,0.9369,0.9724
1d4c2a42-9d2a-429f-99b2-2066d4ea4a86,600001,13.07812698063548,80.27727475018304,chennai,swiggy,52.1,0,12,0.9708,0.9639
43c1c442-7d06-4042-b6f8-487b75b1ce65,600001,13.088743939615082,80.2621910128736,chennai,blinkit,33.8,1,4,1.0791,0.9812
9e2a0266-716a-4c87-8867-06f26967ab6a,560001,12.978862068517513,77.59706596253655,bangalore,amazon,60.7,2,5,0.9345,1.0362
9f5bf417-7313-49df-ad80-16e566156f8f,400001,18.943392123566763,72.8381511494271,mumbai,swiggy,44.2,1,12,1.1964,1.0628
ab6651fb-53c2-4d80-8136-1a5a658ce393,380052,23.074625543951388,72.52221934359909,ahmedabad,zepto,62.0,0,5,0.9098,1.0312
49323283-a054-4a92-9f25-83bdfad18a5b,400601,19.210457828539866,72.96862858371372,mumbai,swiggy,90.0,1,6,1.0291,1.2424
c8ab9bbc-3b5e-4c2c-9703-cb1abe8d01e9,400072,19.16687596330983,72.83893959819657,mumbai,zomato,62.5,2,7,1.1241,1.3
e78f61bb-757d-47dc-b69c-4a494ba31cb1,400072,19.180151179969798,72.84818684483831,mumbai,zepto,40.3,5,6,1.1149,1.2655
e14a696f-e265-42c4-9d41-3df3ec2e7c3e,600040,13.008414611665128,80.24663904261062,chennai,zepto,46.1,0,1,1.0154,0.9824
a598acfa-712d-4114-bb93-0b95cd91adeb,560001,12.963997307346673,77.59135230342807,bangalore,amazon,18.1,0,2,0.9419,0.8366
8b0b17a1-0e26-4a17-bcda-f62d563cfdc4,380015,23.029817566196336,72.58069680988754,ahmedabad,zomato,54.8,2,9,0.8163,1.129
db4f97e3-eed7-4dbd-96fe-942d345bab5c,110085,28.699672929284734,77.11066531771934,delhi,amazon,51.2,1,6,1.0613,1.1154
9d67eb11-ed68-45b2-a01a-d34a4c58b34b,600017,13.038252750879847,80.25076432697225,chennai,swiggy,44.9,2,12,1.1176,1.0861
ff15ef48-7e7d-4914-b175-98a818c7d7a0,400070,19.143106049911783,72.82301560129943,mumbai,zomato,66.8,2,11,1.3053,1.1315
edaf0e8c-2184-41fd-b724-cf655bb371e1,110044,28.511003455808186,77.3023873285801,delhi,zepto,60.5,0,2,1.0534,0.9345
756e45db-d781-4264-be92-14c706768fe3,110044,28.504921327021005,77.30116947042481,delhi,zomato,39.0,1,7,1.0907,1.2225
3518ac13-1db1-4783-994a-57d84d7732f7,110092,28.669744315159065,77.31440836114326,delhi,blinkit,35.2,2,11,1.0597,0.9907
279557f2-8ae3-4c92-8f53-90a77ded9f47,380005,23.04314220519905,72.5699417284853,ahmedabad,swiggy,32.7,1,6,0.8809,1.0911
b0373550-e087-4ade-9c37-dd3cc4a901d7,380005,23.025301231676924,72.55541616102835,ahmedabad,swiggy,64.6,0,11,0.8143,0.96
9923ed2b-0575-4eb4-b288-1364c3ac9be0,110092,28.66604358442695,77.30114498174993,delhi,zomato,72.4,1,10,1.1279,1.145
b9e8cf5d-edf6-4e61-816d-9c50db67dbfc,110001,28.628204047353634,77.21457979286758,delhi,amazon,40.2,3,12,1.0623,1.013
3ee4889d-a21d-411a-ae71-aac249a1c78a,110044,28.509638077692525,77.30875035387638,delhi,swiggy,49.1,3,8,1.0813,1.2384
1186e924-d7e4-4194-88c3-0f8e52d8b067,380015,23.027342213588142,72.59380917168706,ahmedabad,zepto,39.7,0,11,0.8931,0.8927
250527bc-2f38-4059-a6c9-180dc5dfcc3a,600001,13.08040195457204,80.27772273343034,chennai,swiggy,48.5,3,11,1.0037,1.1112
2f8faa78-71bc-476d-ae4c-80c2545461ea,380001,23.032301077002085,72.56420168030473,ahmedabad,zomato,43.8,3,4,0.8396,1.0765
fe073eb6-1858-453f-84ba-f7d2f871e710,400050,19.05547183688529,72.83568722310956,mumbai,zepto,62.7,3,7,1.1952,1.2969
cf9fcb7f-a050-49da-b182-dc5e9ee4568c,110092,28.665839337545155,77.31231585338872,delhi,zomato,53.1,2,4,1.1268,1.1513
ae279b53-e292-4c01-9a03-82d6511df95d,600017,13.045065602819923,80.23691884547594,chennai,zepto,46.2,1,4,1.1957,1.0772
ef538b94-23fc-46e0-8094-e96357cae281,560034,12.925346963774984,77.6331520112132,bangalore,blinkit,27.6,0,11,0.924,0.8528
6ecf3eb5-9d19-49e3-ac12-068c7f784fbd,560001,12.974057809516381,77.58630694929988,bangalore,swiggy,39.3,2,5,0.9523,1.0686
37b7897b-d98f-4699-8c36-06a25e2db60d,400601,19.214759129458823,72.98390372389537,mumbai,swiggy,42.2,2,12,1.1221,1.0549
ec08656d-aee7-4fde-9039-dddf24725370,600001,13.07320701486831,80.27995296829356,chennai,amazon,44.7,0,5,1.0752,0.9593
f39d7d7a-a250-4d24-984b-0be729f17c80,600017,13.044484533294122,80.250491918454,chennai,blinkit,60.4,1,10,1.0473,1.0466
1fef901f-96bb-49b4-a857-70c545e25fb2,380015,23.032192001248553,72.57995461979002,ahmedabad,zepto,34.9,3,4,0.9633,1.0473
52a8c54b-46fc-4c85-b15f-b582e880e773,400601,19.210256683213018,72.97783231750233,mumbai,amazon,41.5,0,8,1.1936,1.0759
3107f0c9-115b-4929-8c8e-ab98cd634882,400070,19.13871700196104,72.82930187301736,mumbai,zomato,34.5,1,2,1.2136,1.0638
a4e188e3-d498-4e72-9f13-4191d0bd2a27,400601,19.209711374948007,72.98084838556412,mumbai,swiggy,44.4,2,11,1.1231,1.0414
ec7ba219-2a8a-42c9-89a8-f2febe43f2fa,380052,23.076265764368845,72.51596505780984,ahmedabad,amazon,50.8,2,2,0.9043,0.908
a8be5760-e713-4eac-b56e-b55df937abf7,380015,23.030179512605876,72.59189750621938,ahmedabad,blinkit,50.9,3,10,0.9104,1.0152
0094d488-e3dd-4fd6-9926-114a141fc3ac,560001,12.977669618607697,77.59024069145143,bangalore,amazon,42.5,3,5,0.9776,1.0443
8289cea6-df2c-4fd6-9910-14a6f43ec403,600001,13.091315146512072,80.27786825503686,chennai,zomato,41.5,3,11,1.1081,1.0649
d3708598-e57b-47b3-b62c-c6ff0f8ad0ec,400072,19.180351058133592,72.84750504744895,mumbai,amazon,68.6,1,5,1.1238,1.114
fff17afe-a351-412b-90aa-f2bead054d65,380001,23.03151214293875,72.57286875776246,ahmedabad,zomato,61.4,2,5,0.8735,1.1145
5bf1a9fb-a490-4994-a242-0d96fa12f563,380052,23.0699732909074,72.52025036912154,ahmedabad,swiggy,40.2,0,8,0.9085,1.1112
787fbabd-209c-483f-97ee-463bfbf55845,400001,18.939790577646477,72.83423061002748,mumbai,zepto,58.0,1,9,1.1996,1.165
9fc36b18-5f80-4940-aa5b-a58777568776,110001,28.625759833641055,77.22493021263435,delhi,amazon,46.3,0,2,1.0589,0.9667
1680ced9-1c2b-4cdb-aa0c-4167cae88c79,110085,28.710537201185808,77.10662484454313,delhi,amazon,52.9,0,10,1.1002,0.9868
91c331b6-2ff4-4443-ab1f-446c1698f0df,110020,28.519070014333973,77.19694293831856,delhi,swiggy,63.9,3,6,0.9781,1.2555
d579dfa7-68af-4ced-981e-9bedbe40a23a,110001,28.63227321283988,77.21082606551364,delhi,amazon,68.8,1,9,1.0998,1.1285
7ce5236e-acd4-4b48-bf2c-2470b2300cd7,400001,18.934514241725637,72.84277198256379,mumbai,amazon,65.3,2,6,1.2112,1.2537
91df56d4-d4d3-420a-bd2d-0d0de4245de1,560034,12.935061956883402,77.62928797276271,bangalore,zomato,50.2,0,2,0.9227,0.9626
b9a3f5c4-ff67-4ffe-ac8e-495fe487f7db,380005,23.030819263791845,72.57120822968153,ahmedabad,zepto,44.8,3,4,0.8445,1.0754
8abe0f36-2944-43aa-979e-8d2c1e3bea43,400050,19.05666704456052,72.83117312223702,mumbai,swiggy,61.7,1,10,1.1122,1.1387
1c6e00a8-5484-44d9-a065-91bd6a133eb3,400070,19.144618543689877,72.83305074485847,mumbai,zomato,27.0,2,12,1.154,1.0929
25ec240c-7a33-4f0a-9744-9b79e44ad128,560034,12.940811066615636,77.6364455225863,bangalore,zomato,72.0,2,9,0.9059,1.1698
4dd7a174-6c0a-47d4-b4f4-83c012bab477,400601,19.2176738631959,72.97629639004674,mumbai,swiggy,53.5,3,11,1.0946,1.0861
0df3593e-3278-47f0-a07a-6c45c2c74632,560034,12.92718318830303,77.63578102054517,bangalore,amazon,49.3,5,3,0.84,1.0472
d213929e-269a-4454-94ec-cdafcb90a803,110092,28.654071151843993,77.30983146391185,delhi,amazon,33.6,2,10,1.1476,1.0293
a246bfad-4e67-4750-a397-832868419306,380052,23.071469657324247,72.50948030456901,ahmedabad,swiggy,51.4,2,9,0.8783,1.1316
92e67c19-48c0-440e-ab97-4bed96e6081f,110020,28.520127429511735,77.18169089331336,delhi,zepto,67.9,0,7,1.1329,1.2021
a8255077-74ee-4f4e-9468-9d24d6c4572c,380005,23.035479789783196,72.56787306025483,ahmedabad,blinkit,28.9,1,9,0.8859,0.9697
1bcff7c6-c6ad-4464-afbc-f4a88a963956,560001,12.98013175250323,77.59444232586159,bangalore,zomato,69.5,2,4,0.9359,1.0776
bf260a58-9406-4cbd-8ed5-eec276462990,110044,28.499617266562172,77.30147759443821,delhi,zomato,30.0,2,6,1.0835,1.1309
5f6c0dca-b9b8-486a-9237-07e56319955e,400001,18.93571334566648,72.84333576819813,mumbai,amazon,54.4,0,9,1.3028,1.0906
8fb6753b-d459-476d-859c-5cfcb5486342,110044,28.501640209685533,77.30067405067514,delhi,amazon,46.2,0,4,1.0104,0.9665
969c5283-0f90-47cc-9af3-f2eebae2c14d,400001,18.93608539722096,72.8354683454171,mumbai,zomato,48.7,0,12,1.1949,1.0263
5fc14aa9-8ef0-400d-8511-446a4e9bcaef,400050,19.065724025595863,72.83446519380767,mumbai,swiggy,50.5,2,2,1.169,1.0996
29b14da3-3203-4f31-8e96-5c5822f10510,400050,19.061965095430605,72.82687827279139,mumbai,zepto,43.6,1,2,1.2622,1.0119
43c39f2d-72ef-4650-82fa-2200b9d4aeb1,560100,13.043704136753744,77.59723354884231,bangalore,swiggy,47.0,0,5,0.8506,1.0395
6491b8a5-4e9e-4d6a-882c-fcd98b6e9509,560034,12.929449410072694,77.62208486461898,bangalore,swiggy,38.3,1,9,0.9107,1.067
92531e44-25e2-4a76-b322-976aa4fd1731,400601,19.226110545614798,72.97987184907107,mumbai,amazon,49.4,1,10,1.0825,1.0036
22211e77-628b-41f9-b9e3-eecebb5e4ba2,560034,12.935342130836371,77.62843682236041,bangalore,swiggy,62.7,1,8,0.898,1.163
0be6e101-2f4d-4dbc-b325-161192e6884b,380052,23.076318344826632,72.51821556609339,ahmedabad,swiggy,69.0,0,2,0.8009,0.9297
06561826-b52d-4e87-8463-c51dca2d14b7,400072,19.165357182783687,72.84231915456769,mumbai,blinkit,33.2,0,6,1.1309,1.1233
8940cf06-c2a4-4178-8115-f43196d1475f,380052,23.07160793653979,72.52644757233817,ahmedabad,blinkit,45.0,0,8,0.8285,1.0195
4bb4e2a0-35ee-43ff-91dd-10213f07aabd,400050,19.053017751747802,72.83287286439848,mumbai,zomato,47.1,3,1,1.185,1.109
6c4842f3-2d49-453c-a8ca-467b3e589151,380015,23.030273584728086,72.58350872877232,ahmedabad,zepto,59.0,1,2,0.9285,0.9281
d3e4545b-1c34-47ee-be44-282485190563,110044,28.510312400848832,77.3046726110648,delhi,swiggy,30.5,0,4,0.993,1.0124
4117f332-219e-4b2e-8c6b-6597ed53b8b2,600001,13.075388293538781,80.26196749940947,chennai,blinkit,53.2,1,3,1.0296,1.0119
7eef2506-c02f-42ce-82dc-e79cc6aa3beb,380052,23.071636818282943,72.51377736533087,ahmedabad,swiggy,42.8,3,5,0.8785,1.1064
46c2f7d2-5554-41cd-bb96-0984b13099e9,560001,12.973089462263598,77.60143657553516,bangalore,swiggy,51.1,0,2,0.9422,0.9548
3a498634-1b50-46de-b246-14f61de2e47f,560001,12.964873118857314,77.58788531595862,bangalore,amazon,54.1,0,2,0.9772,0.8858
ab656729-b680-4e1e-ae1f-438a38233f0b,400050,19.06593198878943,72.8282826981714,mumbai,amazon,62.4,1,1,1.2274,1.0287
509d2a8a-c8b4-4b52-96c9-01ecbf3c4a44,400070,19.136454407801846,72.82124425390293,mumbai,swiggy,41.9,1,3,1.208,1.0349
9416f427-1ce0-4a7d-aa0b-44094d116314,380052,23.07009811229314,72.50958544145327,ahmedabad,blinkit,59.9,3,8,0.8984,1.1428
4a9825d2-588e-42fe-80f2-7abd12add1c1,110020,28.52363444135591,77.18636978279629,delhi,blinkit,56.1,3,1,1.1555,1.1016
ea9df863-bcd8-457d-8e60-0750e4b67c69,110001,28.625898348546976,77.21428502790465,delhi,blinkit,54.8,1,1,1.0778,1.0482
7f2ace36-7981-4846-b7c1-ed51a5c9928e,380015,23.028835981178137,72.58191391987008,ahmedabad,zepto,61.6,2,8,0.8111,1.1624
eb4b2987-93cc-47bb-b9e9-a5c5059af298,110085,28.706329084708692,77.09286220367642,delhi,blinkit,68.0,2,12,1.2222,1.0674
ef607dc6-86ad-447e-9e7c-f057e89222f0,600001,13.084225767203337,80.27283430092766,chennai,blinkit,71.4,2,3,1.1297,1.1005
5a06f78d-bd74-4569-8e55-f9b935e605d0,110020,28.529225508714898,77.1893800540774,delhi,zepto,43.9,3,4,1.1347,1.1115
6d10af0b-1c78-453d-a423-acdeab703ea0,400050,19.056269983433822,72.82746337387181,mumbai,amazon,48.1,1,12,1.2212,0.9954
88c077aa-7f09-4156-b3ec-f0ddeb219f68,600001,13.0771920964588,80.26974879032267,chennai,zomato,50.9,1,12,1.1335,1.0217
32755340-3e36-48d4-91c9-abf1aded27c7,380001,23.030796918021363,72.56864787798233,ahmedabad,zomato,47.1,1,1,0.9724,0.948
9619b31b-3eeb-44d8-ac63-7ee9fedc96a8,600017,13.05272140634939,80.23917325455507,chennai,blinkit,63.5,0,9,1.1058,1.0785
438a592e-3bee-48b9-95cb-1fa23d924081,560100,13.027141529547768,77.60199920940798,bangalore,swiggy,40.4,2,1,0.9099,0.9659
6cf3cf3e-c102-40ba-ac2e-ffe33f052609,560100,13.027114172788567,77.6025105523339,bangalore,zomato,48.3,0,3,0.8446,1.0437
283ff8f9-4265-46dd-a09f-88493ded0d2f,400070,19.137592806626163,72.81970480491862,mumbai,amazon,66.7,1,2,1.2345,0.9816
dec879e2-ad81-46ac-876c-f8a77fdb66d5,110044,28.498607727113207,77.30202305194732,delhi,blinkit,46.9,2,2,1.1376,0.9705
9155e5a2-5655-4792-919c-6ed89a18ea58,600017,13.03793944323866,80.24082149593177,chennai,swiggy,61.2,0,10,1.0849,1.1105
44c9ab3e-b577-4c81-b89c-69936c09bbfe,600040,12.993188827855187,80.25136344382,chennai,zomato,48.4,0,10,1.0656,1.0001
8b6a3200-ec09-4a0b-9180-9a815a07881e,400070,19.130499685908315,72.82246295460521,mumbai,blinkit,58.5,2,11,1.1365,1.1203
47922a0a-0059-44e9-8131-81afbc1d62a3,600017,13.045305898850296,80.24156127281645,chennai,amazon,71.2,2,9,1.0096,1.1433
5323a162-9d98-459e-a0e0-01c17f4ec019,380001,23.018389315190838,72.58036906613924,ahmedabad,zepto,34.6,1,4,0.8528,1.0038
dea89dcd-a5d3-4ff9-abec-5f55777149e9,380001,23.017657753708665,72.56418712148145,ahmedabad,swiggy,54.8,4,5,0.9136,1.2063
ed327e2c-666b-4503-b0cf-59134874ad68,380015,23.024167813530948,72.5932859761312,ahmedabad,swiggy,34.5,0,11,0.9098,0.914
a63d90b1-4048-4eee-ab3e-90abda3ad466,110085,28.710694836074143,77.09662842543521,delhi,blinkit,38.3,0,6,1.1259,1.1528
d1b38f6e-525f-439e-9d4e-9b6e039f6331,400070,19.144688238918498,72.82497541049784,mumbai,zomato,69.4,1,8,1.2392,1.3
a05f7fac-45c4-4416-ba86-566c0247c8ee,600040,12.992855973358504,80.25856304218934,chennai,amazon,21.6,0,2,0.9937,0.8807
5dba0242-f3e4-4ebf-b7c9-d7bb56d4e908,400070,19.133513454329297,72.83098091810369,mumbai,amazon,42.7,0,4,1.2487,1.0012
53aa0fa9-9ad2-4d3c-aa4c-e5bef5be8ef7,560100,13.026423662701225,77.59224528088599,bangalore,zepto,29.0,2,3,0.935,0.9222
c8ec9e71-0b25-4fd7-b401-13c56e0c6f31,380005,23.03188487781634,72.56761824407492,ahmedabad,zomato,43.1,1,4,0.8483,0.9999
1a17063f-3c44-4465-a75c-71d89b1f8663,380005,23.04118831757938,72.5660939294171,ahmedabad,zepto,71.2,1,3,0.8219,1.0036
91cec330-bcf8-4d70-ad33-1aaa1778cce7,560001,12.979946271509245,77.58733637261838,bangalore,amazon,57.5,1,12,0.9463,0.8879
ad6378b5-40ea-4459-9c08-2bfff07253e0,110085,28.70874449772819,77.10863122295723,delhi,amazon,57.4,0,11,1.096,1.0047
791015ee-6450-4eb5-886c-5607fb0c9e83,560100,13.035588499272864,77.59142418883638,bangalore,zomato,65.4,1,11,0.9409,1.0447
891c6784-11ef-404f-a4be-ea2f71d9f0a8,600001,13.091187923907531,80.2801211649033,chennai,zepto,51.6,0,11,1.1027,0.9428
6bfc49b5-a0d1-4c45-9d1f-323d3b5e4a98,400072,19.178878309483014,72.83814015269431,mumbai,swiggy,49.5,2,5,1.0797,1.1994
852a6e5d-a6fe-4148-9e17-8fecb1355598,400072,19.16909749927536,72.85189533543057,mumbai,zomato,56.0,0,12,1.1261,1.0587
0983e7fb-fb8c-405c-9e6e-062614457e19,600001,13.08521782752874,80.27841955496473,chennai,swiggy,47.8,2,5,0.9825,1.1224
0db39761-a18f-4e41-9b77-5d8f7f727112,110085,28.712881353970257,77.10847566471548,delhi,amazon,57.0,0,4,1.1433,1.0225
787f77b7-2de5-4e8d-b7e5-1ebe8ae294ab,380001,23.029973542283727,72.58108166938398,ahmedabad,swiggy,43.8,1,11,0.8577,0.9939
501d3e8c-cfca-44af-93f9-149254f14654,110092,28.65754477983308,77.30232616240912,delhi,amazon,67.4,2,8,1.0298,1.1738
df76a98e-24a5-47dc-a92b-c07543ebfba6,110092,28.670799223679005,77.3121269002883,delhi,zomato,26.8,1,2,1.0617,0.9554
4866c68a-7d64-4baf-aa85-6eb70b255a3d,380052,23.07365377022033,72.51141339623436,ahmedabad,zepto,40.1,3,1,0.9511,0.9932
5664b80a-8d80-434c-869d-151269f0144c,400001,18.944391689471335,72.83240250518334,mumbai,zepto,43.8,0,3,1.271,1.0196
c678abf5-7da4-4634-bf60-3658a8a04288,110092,28.65627635229645,77.30713948845786,delhi,swiggy,43.2,1,12,1.1016,0.9978
4a649472-bd11-4b47-a311-74add4302ade,560001,12.979149217252608,77.58991200085177,bangalore,amazon,68.6,0,12,0.9772,0.9811
6c256daa-8a26-4f8e-82ac-80ec14488155,380052,23.068595075675205,72.52126840227378,ahmedabad,amazon,63.0,1,1,0.8071,0.8615
8dbb5c2b-95de-464c-948b-a388856c53ec,400072,19.17596517527319,72.8389226171898,mumbai,zomato,39.9,0,12,1.1492,1.0196
e8947fd1-5818-4b33-b7f7-6a2e959444ad,400601,19.22186032305118,72.9793146392799,mumbai,amazon,64.3,1,1,1.1522,0.9939
ea803a65-2783-4b05-a561-fd5af7c855f9,380005,23.041940266567273,72.56614942923339,ahmedabad,amazon,57.0,4,9,0.9004,1.0932
764391c4-5dbf-4ec8-ab9b-85d1ccaa12a9,400601,19.223170165125833,72.97121519792096,mumbai,blinkit,68.4,1,3,1.0583,1.0557
3f619fb5-e743-460c-b1d2-f87cc6c16a72,400050,19.055340762663498,72.8318385383675,mumbai,zepto,55.0,1,6,1.1812,1.214
7698b0b7-4014-4892-b176-a0e4b0664db4,400050,19.065196907903022,72.82163961277654,mumbai,zepto,51.1,0,4,1.2882,1.0936
39ace602-65eb-4dbb-b5c8-ca88da4d5f64,110044,28.5167405621102,77.3009501945598,delhi,zomato,53.0,2,6,1.0588,1.2633
c07b69e4-5951-4704-996c-d0c14dd07021,600001,13.074047012029377,80.27234340920353,chennai,blinkit,54.9,0,10,0.9987,1.04
8c6fc13b-ad36-4810-ba73-69f4e3149b69,400601,19.225730736123047,72.98746977938355,mumbai,swiggy,64.3,0,3,1.1184,1.0229
12969755-21eb-43cd-98cb-96c5e230b87b,110001,28.63656590753213,77.21861805412753,delhi,blinkit,43.7,0,1,1.0967,1.0044
e5bf8e70-fd12-45ac-9f64-4c0cb7d32444,110001,28.638796190974997,77.22357364451564,delhi,zepto,32.6,0,7,1.1561,1.0472
722160f6-0de6-4e7b-8db2-10a049d2bb0e,110044,28.506494546338523,77.31167051895328,delhi,zepto,65.7,0,3,1.045,1.0409
9812d0df-6be8-4bf3-b8a7-fff7cdb80f81,400072,19.1665620940805,72.83802268165768,mumbai,blinkit,31.7,3,1,1.0874,1.0226
52f696e3-e2bf-46dd-aec5-f4aad79b7d9f,560034,12.940018436892881,77.63359566456234,bangalore,swiggy,67.3,3,4,0.9428,1.1329
17bb3a93-c011-4300-8a86-a6882cf416f3,560001,12.962250523589825,77.60301695695631,bangalore,zepto,57.7,0,5,1.0125,1.0653
1994d53f-36c2-4201-8b8d-c0391c38c53b,110044,28.506706117897988,77.302910494534,delhi,swiggy,55.9,1,1,1.0121,1.043
8eb42b3f-f551-48ef-b8f8-698de45b822f,110020,28.533351182012744,77.18760723917848,delhi,blinkit,41.1,1,6,1.0662,1.1238
6a3834e9-437f-472e-ac41-3c4a874a85c7,110092,28.663800410962384,77.30223325157418,delhi,zomato,49.7,0,5,0.9488,1.0838
dae484ac-9f03-4cc4-bbdf-79c7a45ef7ea,380005,23.034810138945158,72.55429860356837,ahmedabad,amazon,59.4,1,7,0.8498,1.0796
53b3d1ab-5c88-493d-9a20-398ff95842bf,600001,13.079712538624184,80.26136406217583,chennai,zepto,36.1,2,1,1.0519,0.9659
e84f8fec-a546-489f-bff4-5366027a5674,400072,19.17365081696523,72.85118929938274,mumbai,zepto,47.9,0,3,1.1214,1.0038
40284b9a-f2f4-438c-92ab-d78d6802d8a1,600017,13.047629514529739,80.23683172289651,chennai,zepto,56.9,0,1,1.0401,0.9941
f06887ab-f215-432a-8c51-cf67b0afd3f1,400072,19.17859650227493,72.83900229692769,mumbai,amazon,71.7,3,7,1.1557,1.2821
a47c7f8e-dda9-4c5b-85db-d76253ea3462,380005,23.02683259964061,72.55340704167982,ahmedabad,zepto,61.4,2,7,0.8599,1.1829
5c6c17ea-6e1e-4468-8b3b-ae00d0bbce9a,600040,13.010717305116383,80.25323791583543,chennai,amazon,42.2,1,2,1.0561,0.9219
853adb8f-f7df-4923-9db1-b04f3d0d28fb,380015,23.043726678321136,72.59449586324293,ahmedabad,amazon,43.1,2,4,0.9377,0.9482
4bc3fc92-d98e-4804-8b2d-249d58c25c52,110092,28.652413050044114,77.30155365777023,delhi,zomato,36.5,1,12,1.1246,1.0279
d3d156dc-ae8e-47b9-9a48-235ca47d0b5a,380052,23.08315299127472,72.50760218382825,ahmedabad,zomato,48.7,2,9,0.7968,1.0686
1e34e4f3-7fc8-4dcf-a9a3-ef90aed0d87c,600001,13.090168464761634,80.27871403728022,chennai,swiggy,52.7,2,6,0.9684,1.2368
d87eac78-f79c-473e-ae06-e3a72bc50e22,380052,23.078062260448306,72.50943135370255,ahmedabad,zomato,43.1,2,11,0.939,1.0305
09e3bca0-b5a6-4758-8f89-8728570451ac,380001,23.01725086649848,72.58082790188082,ahmedabad,amazon,55.9,0,6,0.8962,1.0316
cb37f9bf-ab0d-4eae-b854-a5f2921db38c,400072,19.172596347078592,72.84458466738799,mumbai,zepto,46.5,1,9,1.2031,1.1383
f598d2f4-c5e6-4fe8-b34b-9d83b27b037e,110085,28.707234733290825,77.0990038012845,delhi,blinkit,36.1,2,6,1.0666,1.1578
36584662-f6e7-41e1-8854-d409ae9869e6,380015,23.040377667317653,72.58361775047322,ahmedabad,zepto,54.2,2,9,0.9127,1.0255
f924d3bd-778d-4381-a825-bb5487fd9059,400601,19.211652384325767,72.96873342853867,mumbai,swiggy,57.8,1,7,1.1424,1.1818
4d0f3f99-a6cc-47a7-9251-ce5127c54852,380015,23.026038392387953,72.58039499223034,ahmedabad,swiggy,64.7,3,10,0.919,1.0883
cf6699fa-603f-4105-adcf-069bde5afe65,600017,13.0359421982802,80.24524398056568,chennai,zepto,50.6,1,7,1.0705,1.1506
dbbda849-1e42-4b9b-a96d-c90fa53bb0cf,600001,13.090058365890402,80.26979479711268,chennai,zomato,55.4,1,5,1.0726,1.135
e30ba37d-f84a-4025-87b5-7e0015653d6b,110085,28.694699471797453,77.09865859883183,delhi,swiggy,24.8,1,7,1.0431,1.2417
8180f665-9746-4ff5-b098-c5f584a6ce87,600017,13.05086284508755,80.23974299578894,chennai,amazon,57.7,2,11,1.1757,1.0107
97b87b68-282d-4eb7-b8e9-86be67f93117,380001,23.029878099689576,72.57281219493278,ahmedabad,blinkit,60.4,3,8,0.9353,1.1577
0300ef5d-3de8-4776-b97d-ea0e58631724,560001,12.97462465954083,77.58673186060616,bangalore,swiggy,64.2,0,9,1.0316,1.0657
b9d15532-bd4b-431f-83cc-e28208b474b6,560034,12.93268280643302,77.62324066323126,bangalore,swiggy,62.1,3,11,0.9723,1.0566
80572530-2321-4de1-b18c-e9071ba0c653,400070,19.137289781959215,72.81671517320996,mumbai,zepto,56.8,2,9,1.2263,1.2171
66a9b117-50f1-4f7a-9703-3ce043ee2cb0,600040,12.998971162025407,80.25547387245246,chennai,zepto,36.8,1,2,0.9981,0.9124
b8ca897e-9992-432b-889c-629c7783627e,110044,28.5114642559711,77.31128980692019,delhi,zepto,34.1,0,4,1.015,0.9933
879fde3e-1ede-4038-960b-c6fbdf182464,110020,28.51791284131613,77.18822495655253,delhi,swiggy,23.0,2,1,1.0105,0.9875
24532950-3da8-449a-9a33-34bbdc9aeaf6,400050,19.06396246152453,72.83861047391909,mumbai,swiggy,30.3,2,8,1.2088,1.233
ce6193ff-68e7-4623-8fce-2b53e102d652,600040,13.009888720536111,80.2535324537448,chennai,zomato,47.0,1,8,1.0283,1.1778
1e62bc50-e969-4ae4-93a3-e472b4bafb64,380052,23.07946051795665,72.51758322553351,ahmedabad,amazon,38.6,0,4,0.8148,0.8655
27ab1f61-eefb-4aa5-80a2-05d55c44c7d1,380015,23.032070982030508,72.57743772186673,ahmedabad,blinkit,61.0,1,7,0.9275,1.0629
c2046ade-e905-4a61-968a-d241d3ffa4a4,110044,28.500237538461892,77.31024624439257,delhi,swiggy,38.4,0,11,1.0611,1.0342
f9cb415d-bb34-4ea2-b566-f7629f8143b1,400001,18.94146302751188,72.84442806684415,mumbai,zomato,66.8,1,7,1.2603,1.2893
e8f73a00-54d4-4e6b-bb0a-2a7324fcc32d,110044,28.506320569396134,77.31569722605732,delhi,swiggy,54.6,1,12,0.9852,1.0442
409648cd-e2e2-45d3-bbba-99c8c183e94a,560100,13.041410510304877,77.59249612071096,bangalore,blinkit,46.7,0,1,0.8853,0.9059
a52817c8-e5fd-408f-a0fb-0d466ceb5891,600001,13.08443216926351,80.26406028415491,chennai,swiggy,65.0,1,2,1.1573,1.0249
9e62e994-3169-4219-9545-abdece04c2ee,560001,12.963514291110403,77.58507277172093,bangalore,swiggy,57.6,0,8,1.0112,1.1276
b077f6d9-0800-493b-a692-91c5d976b449,560100,13.035735337177183,77.60675571040429,bangalore,amazon,69.5,1,10,0.8157,1.0308
ae6d9e27-20a6-455c-aaf7-25f409469fa5,380001,23.026851955313166,72.57524872302649,ahmedabad,blinkit,55.0,1,10,0.8951,0.9468
87095441-279c-4c99-bd9e-ddc6599d2c10,560100,13.032899926116638,77.58838847685492,bangalore,blinkit,43.6,1,9,0.8644,0.9942
7b8e6b9f-6f96-434b-a92f-f3a0abc9ee3a,560001,12.97240023829209,77.60220158175123,bangalore,swiggy,40.9,1,12,0.9731,0.9628
e85c5335-b2d1-43b7-b763-b267fa92347a,560034,12.939213010204785,77.62600411224567,bangalore,blinkit,75.4,1,5,1.0173,1.0896
c43c8610-ad34-42a0-89e7-39196ad4ca7a,110044,28.51190009781641,77.30291867377318,delhi,zepto,51.2,1,9,1.0043,1.092
7f773f13-71cb-4480-8e74-17356628f5d2,560034,12.94314355638959,77.6213928416371,bangalore,swiggy,51.0,2,5,0.9505,1.1227
61cb9970-fcad-4526-864e-90893a09caff,560001,12.974071713760056,77.58638248864231,bangalore,zomato,36.9,4,12,0.9236,1.0443
843082a6-66ae-4fbe-a36b-514e464ff939,110085,28.701302728149432,77.09425285493528,delhi,swiggy,54.3,3,5,1.0455,1.1625
fd1cbe1d-fadb-4e53-bdf3-c10ac650cb7e,380001,23.021444050810096,72.57341188666722,ahmedabad,zepto,51.0,1,9,0.9218,1.0652
e5a09c99-b963-412f-bad1-0cf5a5b16863,400070,19.1439594864089,72.83396113380215,mumbai,swiggy,50.4,3,3,1.2783,1.1656
a2f5cbb4-1e70-4737-853b-02ab5bbf289f,110044,28.506159603575302,77.30237049029972,delhi,blinkit,56.8,1,12,0.9982,1.0116
816a9925-6d2d-4947-9ddb-4c1c2f08a166,400601,19.223596196018057,72.97149677254521,mumbai,swiggy,65.8,3,2,1.085,1.2055
a9ff8c5f-1634-4710-836d-4cac7ed99c79,380052,23.07075068844583,72.50816344618771,ahmedabad,blinkit,19.7,0,6,0.8728,0.9693
16c8c35f-6b7c-483c-b1f3-8fad81854bd2,600001,13.074813293685235,80.2735165262938,chennai,blinkit,56.4,2,7,1.0647,1.1042
2cf12273-a51d-4e20-bcdf-c961876f7104,400050,19.050826992542213,72.83511523172136,mumbai,swiggy,56.5,1,7,1.1456,1.2145
e98b78fc-9c68-49d2-9aba-1904b343c1df,380015,23.026227698788446,72.58106550295135,ahmedabad,amazon,49.2,1,12,0.8795,0.8815
1767c095-75b9-4478-8f0c-5aaa53bfcf95,400001,18.938988442562998,72.84533393707707,mumbai,amazon,53.6,0,7,1.2218,1.1464
46067757-f036-44c3-b290-e4aff8f16794,560034,12.927214207534803,77.6344320843048,bangalore,zomato,64.3,1,6,0.9667,1.08
d26ddcc6-66c5-4c7d-bc02-1d2d0262c67c,110085,28.71065075791134,77.10717228761123,delhi,blinkit,33.6,1,7,1.0612,1.1245
06e5e8f7-325c-4d7c-8e38-2089a6e7d63b,600001,13.075442194114581,80.27140620262905,chennai,amazon,18.9,0,10,1.0102,0.9417
5230a033-3f7f-4b5d-8911-bd21e892cb0f,110044,28.514987141654792,77.30086165161568,delhi,blinkit,38.1,1,4,0.9903,1.0153
da5deee6-1c94-4e74-912b-1c9548976a72,110092,28.6596895255714,77.30558893536812,delhi,blinkit,49.5,1,8,1.0478,1.0679
3828f9d4-8f78-4759-a058-67315b330ad7,400001,18.942562694121733,72.83415206248111,mumbai,blinkit,53.4,2,6,1.2339,1.233
2ad82fd8-6098-466b-9e7a-aa6aeacf1dbf,380015,23.036544029536167,72.58818707844411,ahmedabad,swiggy,44.1,0,8,0.9461,1.0655
306574b0-32cf-4f36-8900-8525b7e5ec55,400601,19.218668160438902,72.97100338001634,mumbai,amazon,53.3,1,9,1.1044,1.1306
e243ac0e-087c-4f98-b2a8-17034e8f318f,400001,18.930241686719974,72.8268251345553,mumbai,blinkit,70.7,1,10,1.1773,1.1365
aa8d6b76-5e7f-49a6-bd9e-c97152e630bf,600017,13.040494064594917,80.25169307062363,chennai,zomato,40.4,0,2,1.0277,1.0318
7554989e-0e4a-4358-ad23-377b45bf4db2,380052,23.078687453244434,72.5121009285665,ahmedabad,swiggy,56.4,0,8,0.8346,1.0893
6606b046-f0d0-490a-aea4-c61e1d12fe0c,110001,28.62532772836319,77.22200025936078,delhi,zomato,57.3,1,5,1.1321,1.1939
cf929dcd-3e6b-4eef-ae4d-e8ec2b8591e7,380015,23.03876146358859,72.5912353957618,ahmedabad,zepto,64.7,1,4,0.99,1.0631
a3a62faa-1fa3-49b6-ad1d-cdec4509b2ad,560001,12.96904334047675,77.59324153765888,bangalore,zepto,39.8,2,6,1.0528,1.1204
623ae637-8e55-4b54-882e-d8449e498a3e,380015,23.041538498004186,72.58791621625309,ahmedabad,zepto,36.8,1,7,0.8862,1.065
5b5f2c75-e0af-4e31-8805-294775f99f39,110092,28.666900838574925,77.30561078994548,delhi,zomato,60.3,3,8,1.0945,1.2511
3ffc58a5-c977-42bc-bc6b-f7ddf46de0f2,400001,18.947547761329943,72.82626347471594,mumbai,amazon,58.8,2,1,1.2015,1.0774
77e6e6cc-8ce3-4840-9962-9e617bc8c4c1,380005,23.035317053859035,72.56901406056024,ahmedabad,swiggy,48.9,2,11,0.8654,0.9772
6f704026-605d-42fd-8a3f-8330eb30c007,400070,19.140177706041,72.83406645831721,mumbai,zomato,70.4,1,1,1.132,1.1558
083e350b-beb7-4991-84bd-ec94cbd53471,110044,28.507331149488394,77.29908663239654,delhi,swiggy,65.5,0,1,1.0914,1.0412
81617608-4897-4263-93e7-7cdb2cb7c638,600040,12.995280712692578,80.25760169898605,chennai,swiggy,38.9,1,4,1.0089,1.0884
cb16813e-0c46-4196-90c9-acf98161af27,400601,19.215407691373713,72.98367583568971,mumbai,blinkit,58.6,0,11,1.0933,1.0426
eb5600e3-b8cb-437d-9027-82afc724d615,400072,19.181461469602386,72.84475881502604,mumbai,amazon,50.2,1,4,1.1824,1.0369
d9df1d21-5cce-4ef4-a48f-a69094f74a89,560001,12.981526686752545,77.59196619061014,bangalore,zepto,39.4,1,6,1.0363,1.0657
d0e4a5d1-04ca-4b00-ae9a-4657989b58a6,110001,28.622964365272086,77.2220917867492,delhi,amazon,45.2,2,10,1.0625,1.0988
9071488e-be87-43dc-81af-442033aa9eeb,400072,19.17406404533897,72.84701945779771,mumbai,swiggy,64.0,0,5,1.1218,1.1308
321ba622-a5a7-4976-a53a-05277b47742e,400072,19.178399779993615,72.84279641440256,mumbai,amazon,52.2,2,1,1.1978,1.0833
af3098bb-7410-4ae5-95d4-d3925524d4c9,110085,28.69527101858488,77.09918476637392,delhi,amazon,49.9,0,11,1.1248,0.9972
7dbe9420-2753-43e1-81aa-36a35150b52c,380015,23.032480387323478,72.57677200859358,ahmedabad,blinkit,61.5,2,12,0.8557,0.96
f183bdbd-5d11-4aea-87bb-9c997cd84d75,110020,28.530123547294163,77.1971130323616,delhi,zomato,55.8,4,10,1.0687,1.1506
d5ded61e-1579-4509-97c5-e5c886015cbd,110044,28.505344708833043,77.30559022577484,delhi,zomato,38.5,2,12,1.0674,0.9994
0faba8fb-18cc-42fd-a39f-6eb690f1ab85,110085,28.712913584902306,77.09768593517732,delhi,amazon,43.7,1,2,1.1416,0.9865
8cd74c71-0a99-4edd-beb5-d998e69a4a6b,600017,13.043159377441707,80.23886959944832,chennai,zomato,47.7,1,6,1.1495,1.1816
dd45a0ec-1676-4f3e-922d-3bf8e8046e95,600001,13.087290164573048,80.27601025797983,chennai,blinkit,52.5,1,11,1.0677,0.9856
4fd74974-6431-4755-9474-c4fa261d1e1b,380005,23.044332292421668,72.55357916032713,ahmedabad,zomato,36.8,0,9,0.9113,1.0366
44519ebe-06c5-4af1-aa15-c6ab63b38abb,380001,23.01743957598144,72.57952509161042,ahmedabad,zomato,48.8,0,7,0.838,1.0915
32b0b4eb-7af5-4da8-a5f5-735d88eb23ef,560034,12.925272272003665,77.61795306406911,bangalore,zomato,38.9,2,7,0.8826,1.1532
8ca7c72d-3a81-4a9e-b3ae-43f08a2de54a,380005,23.03847579372351,72.57146788868428,ahmedabad,blinkit,20.9,2,12,0.8851,0.8983
24cc3b17-961c-425b-8b04-c82610cf50c4,400601,19.222916419299615,72.98762594180994,mumbai,blinkit,51.2,0,3,1.0735,0.9555
55a392ad-973c-45b3-9fa5-ee350878f399,560100,13.037106605091433,77.59627864973376,bangalore,zepto,59.5,0,10,0.904,0.9294
c2a6c7f8-5edb-4729-b4ca-75fd445dffcc,600001,13.077719333226806,80.27771232115683,chennai,blinkit,54.2,1,8,1.0229,1.1256
8b89bed0-a232-450e-b9e3-258d08d14b08,380052,23.080602793866987,72.52125628606417,ahmedabad,amazon,62.2,0,5,0.8788,1.0523
f6cab645-e5b2-4a05-bf98-b59ed6c523b1,380001,23.015815490803266,72.58031396294,ahmedabad,swiggy,45.6,1,2,0.7339,0.911
f10f9743-94df-4236-a434-c0ae2338c3b9,110092,28.66481946934302,77.30730863738813,delhi,blinkit,55.2,1,4,1.071,1.0855
3357c6f7-6413-4ed2-8ef5-88584dd04277,560001,12.966772416697761,77.58789412706865,bangalore,amazon,41.3,2,10,0.9801,0.9617
7eb57ea7-3ab7-4d7c-bd4a-acbc87504951,380015,23.04135660156304,72.59259163709902,ahmedabad,zepto,63.9,1,1,0.882,0.9347
241eb8de-fc64-440a-9f9c-2cf590ea6615,560034,12.942784404117232,77.62747403595905,bangalore,zepto,56.1,3,3,0.8832,1.0384
51629bcb-1539-48d8-bf4b-1d26a6730a3f,560034,12.940112237018505,77.63598953307802,bangalore,swiggy,38.3,2,6,0.9257,1.1244
653b8c38-de84-42da-9118-f8cca2792941,110092,28.664491648351007,77.31235828319231,delhi,zepto,32.7,0,5,1.1384,1.0343
1ef2e84e-6104-4256-936e-11036acd9d60,600040,13.005117982363377,80.26236522700877,chennai,zepto,59.2,1,9,1.0717,1.1146
64d07939-15d5-486b-9229-a836b56ef4d4,400001,18.946679794200158,72.8384858510465,mumbai,amazon,44.9,1,4,1.1742,1.0534
7485b426-b46e-46b2-99fe-58abf02988a0,400070,19.144048327368147,72.83267207070882,mumbai,swiggy,47.6,1,12,1.2461,1.0483
f333dc22-933f-48d7-bf09-2c7cc3b86a25,380052,23.081038555166092,72.51534979375842,ahmedabad,blinkit,50.1,2,9,0.8914,1.0263
e8995131-0873-4fc7-b0f9-4698e1b7be23,110044,28.512729929806806,77.30264823888194,delhi,blinkit,64.2,2,11,1.0635,1.1281
3de7b612-047f-4320-be52-b12d0728fbb3,560034,12.933785303943464,77.6238559653065,bangalore,blinkit,53.7,2,1,0.9141,1.0049
f64a480b-3c65-4e9a-849c-ec1fee49f75f,400070,19.140640280406615,72.83311956425416,mumbai,zepto,65.6,1,4,1.2081,1.1485
5a5fe8cf-af7f-4e1b-b1d3-e91f82a7d894,380015,23.038776526739266,72.58802295169762,ahmedabad,swiggy,45.6,0,5,0.7985,0.9913
78ff2876-0646-45f4-bdb2-f8bea59d3a52,600017,13.03602529483129,80.24972355124152,chennai,zepto,31.8,3,8,1.1397,1.2129
fd4e7774-1adb-49fa-ac18-577d8f7f4aa5,600001,13.077243591140471,80.27744082250486,chennai,amazon,36.5,0,6,1.0371,1.0615
14d6c3c8-2c33-44bb-bb21-7bf108703583,380052,23.067652887527423,72.50746378709125,ahmedabad,amazon,60.5,2,6,0.9214,1.0486
c10db68e-b114-40d1-b429-2e23e625502c,380005,23.03640881261961,72.55441978938427,ahmedabad,blinkit,34.2,5,5,0.8825,1.0866
d49019f8-e4c3-48f1-97f9-c8505533dc13,110085,28.713636006570212,77.09471441186653,delhi,zepto,29.5,2,4,1.0632,0.9867
63faa78a-8fa7-4094-b53e-53a7fffaf41c,400072,19.180515403232878,72.85247923807192,mumbai,swiggy,48.9,2,6,1.1875,1.2247
1244e24c-c9e8-4f9f-91eb-9b66b1072d3f,400072,19.179755076791324,72.83965160780824,mumbai,amazon,60.7,0,12,1.1684,0.9756
878394f9-87e0-42ff-8276-c24649381bb6,110001,28.634867149685956,77.21564475615418,delhi,swiggy,72.1,0,4,1.0852,1.0576
d8df2b66-0d0c-410a-9187-1906fed5e1ec,560034,12.942657899903839,77.63374527748782,bangalore,zepto,62.6,0,12,0.9675,0.9073
5ae7e3bf-4a69-4730-a08d-0b2a04d51b67,600017,13.049391565574004,80.23689340533453,chennai,amazon,70.5,1,10,1.0716,1.0579
fa202a2b-df84-4102-b529-3c4a6d33bbde,110085,28.710727470287715,77.10447957016355,delhi,zomato,50.8,0,4,1.1033,1.1125
e90267e1-cd8c-40de-bc65-dde890d94b97,110085,28.702791919217173,77.10797759311461,delhi,swiggy,57.7,3,6,1.0556,1.2071
bc471d44-158b-4d58-9a69-0f49b08c6ba4,110001,28.63552615106184,77.22153394324613,delhi,zepto,60.6,1,1,1.0493,1.0381
804ce05c-3d29-4565-92a7-30ae52be6a6f,600001,13.08574448519091,80.27971062105173,chennai,swiggy,59.4,1,5,0.9299,1.1211
3dde488a-8447-4a93-92b9-d938b168a90c,400050,19.054687831616835,72.8267370618641,mumbai,zomato,67.7,2,9,1.1494,1.2857
4b69a01c-441d-4f5a-96ef-fc05a6ff7288,110085,28.698021954254767,77.10471560142152,delhi,swiggy,49.6,0,11,0.9866,1.0106
38b97ce6-83e2-415f-b06e-2c9b4eb1d384,560034,12.924753280652984,77.62108137618203,bangalore,zomato,39.3,1,1,0.9742,0.9365
1428e34d-d198-4bb2-916a-642243b2f123,600017,13.041440300824744,80.23794185533592,chennai,zepto,43.1,1,8,1.071,1.1495
a169fac7-3bfb-43b4-9b74-579708ac2586,560034,12.942084450493704,77.6265709316068,bangalore,blinkit,39.4,1,6,0.9,1.0649
ce977c77-5ef4-46d0-b86e-384e6d29b338,110001,28.637180652889338,77.22185810428182,delhi,zomato,42.2,1,5,1.0909,1.1493
02e1cdc6-c318-4e0c-8d62-5f54a8ca6fcf,560034,12.937328027403668,77.61772270762884,bangalore,zomato,61.1,2,2,1.0006,1.0139
8275ebb5-e4e7-4293-8883-ea5c5f2d25d4,380015,23.031181060435216,72.5774205000097,ahmedabad,blinkit,60.8,0,2,0.7895,0.8866
1f3ab12b-0ec3-477f-b60f-841eb2075063,600017,13.035103600281637,80.24329542583672,chennai,zomato,68.3,0,3,1.0884,1.0639
63875527-70bc-48eb-ae1f-1d3f0980a057,400601,19.22102192092819,72.98626573895152,mumbai,amazon,55.3,1,5,1.1009,1.0776
09903cb7-146e-462b-bedd-5c7ba556ad1c,400070,19.144449066145715,72.81792887688711,mumbai,swiggy,61.4,1,2,1.1628,1.1194
48f6d473-1e3d-4670-ba96-764a0c66bc87,600001,13.082420009875953,80.27224399773469,chennai,blinkit,51.3,0,10,1.0177,0.9497
f02442c4-f862-4c1c-881f-7b250172a000,600040,12.999798621547804,80.25995933244789,chennai,amazon,26.5,3,4,0.9828,1.047
c05194e7-a2dd-4d2e-857a-4a27fd14bc44,560100,13.044132704716825,77.59561970441025,bangalore,blinkit,36.9,2,8,0.913,1.0825
e2510720-0a75-4f1c-9e9b-e81fb6b5a78f,560001,12.975711717252876,77.59836810036984,bangalore,zepto,59.5,1,10,0.8955,0.9645
2843c007-6431-48f5-ae0b-9148858c5318,380052,23.066489194944467,72.50730895519811,ahmedabad,zepto,45.1,1,10,0.909,0.947
5f726228-b1df-4787-aa31-41493f77ec50,600040,12.999392577897906,80.25272434990127,chennai,zomato,65.7,1,10,1.0782,1.1433
5481d5e6-7b7f-4b70-911e-ff15712ab001,400072,19.176065484715604,72.84021105935156,mumbai,swiggy,69.4,1,11,1.164,1.11
cae62e1a-4367-458c-baad-e260ee738257,110020,28.518179920251498,77.18201911581839,delhi,zepto,44.3,2,11,1.0251,1.0322
d92ed237-9e6f-4072-9876-11a7686a875a,400070,19.13218489543945,72.83460166366032,mumbai,swiggy,45.7,0,4,1.2999,1.1016
f7a657ac-78d7-474b-8a9b-757fae9167d3,110001,28.64212270970815,77.21748963789805,delhi,amazon,58.4,3,2,1.0215,1.0468
30829133-a303-402b-87d8-7f92790c52cb,110001,28.638138036252098,77.22637299923875,delhi,zomato,36.5,1,7,1.2116,1.243
0c39f78d-d192-47cd-8525-2536679e2c8b,560001,12.965492476734099,77.58575295164398,bangalore,amazon,28.4,0,8,0.8869,0.9805
781888dd-4fd9-43f3-81c9-50d30c1dd30d,110085,28.702980874984043,77.10502468642842,delhi,zomato,39.6,2,4,1.102,1.083
f59697a1-c96f-4e75-8a4e-79ddd2787cb6,110085,28.698126242156448,77.10040275486529,delhi,zepto,19.6,4,12,1.0885,1.0266
c558e2cd-0f01-4884-afd6-ea2373b6f676,560001,12.978999383192955,77.58721304687647,bangalore,zomato,43.2,1,11,1.0385,0.9964
b09c6093-4c7e-4409-89c9-68166eeaca39,110044,28.515641811620362,77.3177808418765,delhi,zepto,45.7,1,11,1.0438,1.0018
d5e04a0d-3ae7-40aa-9a4c-3b95fc521970,600017,13.037564461821722,80.25143596382756,chennai,swiggy,35.9,3,7,1.0379,1.1884
2d67d977-74d1-4e7e-8c81-32d61936c460,400072,19.17961154291249,72.85701478687166,mumbai,amazon,52.9,1,4,1.2097,0.9932
917b3104-9d43-40a5-b4f0-51fb8526c359,400601,19.226161804103906,72.96924915187238,mumbai,zepto,46.0,3,3,1.0898,1.127
54c48809-b902-4766-9fd5-aee97b1595c7,400070,19.126782321888594,72.82613686936635,mumbai,zomato,48.4,2,3,1.2762,1.1849
7d05f2f9-4dd3-46c3-9219-b11a72895fba,110085,28.71018874415359,77.0980751974483,delhi,amazon,61.4,1,12,1.021,0.9697
aeeffccb-8ee2-4179-abd4-9a2613443d58,600017,13.033786305553342,80.25095739037123,chennai,zepto,61.4,0,8,1.1058,1.1602
bfcbf23f-0edc-4ff6-b5c6-4b967c300d66,400072,19.1754708103134,72.8527223186559,mumbai,blinkit,58.6,0,12,1.1877,1.0312
43740838-93e8-4561-ba12-6cc4e55f8a76,110085,28.703852556193343,77.09405298669344,delhi,blinkit,54.2,0,5,1.008,1.0965
bb94b2f9-de45-4181-a64e-3405dba0604e,560100,13.041964704200184,77.60595376051928,bangalore,amazon,30.4,0,8,0.8846,0.957
369b2d3a-d786-440d-8e7c-03cec0bc3961,560001,12.971612485361408,77.60049031088981,bangalore,zomato,27.3,0,10,0.941,0.969
6041da02-ea2e-4cd5-90b3-17967daba7ca,400050,19.05424768646112,72.82512008997817,mumbai,blinkit,51.0,0,12,1.1419,0.9558
24cb845f-5496-4e8e-ba54-65544c5017a1,380001,23.01702057995632,72.57420952084351,ahmedabad,amazon,60.0,1,5,0.883,0.9962
b2eba8c0-a9c5-4a1f-9624-b300d8d1508e,400001,18.94051729576907,72.8378956772558,mumbai,zomato,53.3,1,4,1.2092,1.066
c89442a0-2bf1-4f34-8f43-aeb52a7efb3e,600017,13.047779052650132,80.25265069588768,chennai,amazon,52.5,0,1,1.0918,0.9323
411f33b3-ad42-4602-bc37-87f871fd73aa,110092,28.66173390845636,77.30208548185854,delhi,amazon,66.4,1,1,1.1145,0.9786
860a500d-3ada-4afa-80e9-7a27e3b04a63,110001,28.637872904682524,77.21605173590522,delhi,blinkit,54.0,0,9,1.1,1.0696
931cdcb3-ec74-42fa-8f00-84ff4e2c95e3,560001,12.962853792432437,77.60138676984712,bangalore,zepto,49.9,0,3,0.8984,0.9785
00cedfac-2d9c-4e58-987e-7d5ce6961c0d,600017,13.040704678376008,80.24160786572769,chennai,blinkit,39.7,0,11,1.0562,0.9872
34495555-62df-4c32-ba85-bae193874a91,560034,12.926385790490512,77.63044038533006,bangalore,zomato,60.5,3,8,0.9148,1.2207
3ae7701c-6b15-429d-90ce-a7bcb7c701a3,380005,23.028539061774943,72.56646092101269,ahmedabad,blinkit,20.7,2,6,0.8596,1.0174
0f9bb83b-99dc-4ec2-b35a-02b1cfa2a2af,380001,23.02538298442952,72.56236372024786,ahmedabad,zomato,50.8,3,3,0.8658,1.0597
b7e90115-3dd5-481e-bb3c-ee766d1d6666,380001,23.021653992103186,72.5655776544801,ahmedabad,blinkit,54.9,1,12,0.8098,0.9181
ba21b36d-7fe0-4b0e-acb4-a008ed877412,560034,12.941043597736329,77.6337069600224,bangalore,zepto,33.0,0,11,0.9926,0.8724
a7060bf0-cb9c-4f14-9a78-1ddd1d4646d3,380015,23.0373562640062,72.58715504244505,ahmedabad,amazon,57.5,2,1,0.8629,0.9108
51c0118a-c2e5-40dc-b183-17bdad669b07,560001,12.975864137665653,77.58858430549787,bangalore,zomato,45.0,2,6,1.0321,1.1243
21922ecc-2f12-4a30-8068-0201fcfff181,110092,28.654030244246425,77.30671723805425,delhi,zepto,46.1,1,2,1.107,1.0083
a56bfa93-e728-4689-9268-fe4cb0e6937f,380015,23.024186552618353,72.57748736798,ahmedabad,amazon,43.8,0,1,0.8433,0.8118
ae2ddd8a-d4a3-477c-a003-f99156f6cfa9,600001,13.084602633498115,80.26089847642257,chennai,blinkit,47.4,1,7,1.0769,1.0636
7a4a390c-28c2-4509-84a5-5d729d62e17e,400050,19.060025920953084,72.83902027646558,mumbai,swiggy,49.5,2,9,1.2159,1.2425
d5860566-b6e7-45ef-8a38-278c9de9bc23,380005,23.030511656659172,72.55255104726734,ahmedabad,amazon,58.1,0,8,0.899,1.034
da448435-ff2d-4f4e-9927-84b7ce464a6d,560001,12.981083888876327,77.60154121653967,bangalore,zomato,41.1,1,4,0.8824,1.0619
8d4c0b8e-af0b-4beb-ba5c-af3eecb761d4,110092,28.657858314576664,77.29771389717908,delhi,amazon,58.0,1,3,1.0328,1.0343
46154fa2-5f58-44d4-ae3d-74ff446ca5f1,110085,28.713355367005065,77.09401210081234,delhi,blinkit,40.4,2,12,1.1015,1.0074
9d6e06e8-ba00-4da3-b47d-23184bbb215e,560034,12.927416058977853,77.62914827283132,bangalore,zomato,34.9,0,1,0.9397,0.8993
f74c3820-54c7-46f2-92be-8260994afeca,600040,12.998963314122541,80.25998260591072,chennai,swiggy,67.0,0,12,1.087,1.0309
1d142e51-84bb-42c2-95b5-6f52da416c22,110001,28.632299765363157,77.22750282274792,delhi,zepto,40.3,1,9,1.084,1.0729
4f3e6901-a044-4d87-a90c-8608d4685d55,400001,18.947958682421135,72.83599319447892,mumbai,amazon,51.8,0,7,1.1922,1.1289
61834c3f-6034-4591-90d9-7c7d46565d14,400070,19.131894076300956,72.83273930981768,mumbai,swiggy,50.0,1,2,1.3294,1.0392
e7a20a59-f932-4b2c-9fd6-746a13b4097c,560001,12.965783709308159,77.58559958057319,bangalore,zomato,27.3,1,11,0.8884,0.9506
2fb82eb3-b6c4-4ea3-99b8-e7688f0c8859,400601,19.227512539510265,72.97193851408906,mumbai,blinkit,55.4,0,12,1.0201,0.9919
350109d2-4e0b-4e5b-92dd-9c48b63ec7ff,110085,28.713723556735246,77.09630215299568,delhi,amazon,55.5,1,12,1.0569,0.9927
da580ecf-cd55-4505-9e07-1dc7e1347e33,110092,28.66133800212936,77.31076662350743,delhi,blinkit,55.1,1,8,1.106,1.1488
89b3e537-3f7d-4777-a190-7f788a141651,560034,12.934577913290719,77.61694206233553,bangalore,swiggy,34.5,1,8,0.9378,1.1315
216ac228-dba1-4915-b1fb-595aeed4985c,600001,13.0872772288454,80.26260798554627,chennai,swiggy,35.0,1,7,1.0282,1.1761
92a72208-3576-451e-af6c-babb4f291f0f,110020,28.53579062049312,77.20126510030846,delhi,amazon,49.2,2,9,1.0017,1.0977
4dc6b95c-e705-48f8-a957-7d11b66f1dbe,400601,19.224050981717173,72.97302002766524,mumbai,zomato,33.9,4,5,1.0015,1.1497
b0859432-7688-4dc2-aaa8-782cc73bf72a,380052,23.06781705565926,72.50757859926652,ahmedabad,zepto,60.7,1,9,0.8223,1.0598
f46dc504-1527-431d-8251-d5249f4ea9b6,110092,28.663401776693387,77.30673396770452,delhi,zomato,45.1,2,5,1.0297,1.1688
108e607c-d3af-4c3e-9d08-a5f18dbf8c04,110085,28.70970731006014,77.10202671466602,delhi,amazon,61.5,2,10,1.1361,1.0713
464d0231-ebe1-4333-a106-dc608ae73bc1,560034,12.931231293981343,77.6338006040324,bangalore,swiggy,32.6,1,8,0.7898,1.0828
b9133e1c-3899-40eb-b542-90fc43b1b7dc,600001,13.08579301373732,80.263731901496,chennai,blinkit,52.4,2,6,1.087,1.1959
3e66b01d-d114-452d-8787-e6e9e079942a,380001,23.021004563708754,72.56215142180797,ahmedabad,amazon,51.3,0,9,0.8974,1.0162
f0853344-d661-40c7-8e43-9fa31c5c4581,380015,23.02489268840002,72.59446156325944,ahmedabad,blinkit,44.2,0,6,0.7721,1.0491
2e7af529-5b80-4288-94c1-f19edc3aca05,110020,28.517429476441727,77.19598689588176,delhi,swiggy,41.2,1,10,1.1409,1.0317
62336377-7cf2-4d5f-8f72-dee31ab7e63e,380015,23.040135589330113,72.57863227935512,ahmedabad,swiggy,59.8,2,7,0.8509,1.2134
9134a38f-6f4c-416d-a4e4-4a61ac477f6e,400050,19.061412756679893,72.83272028508495,mumbai,zepto,59.4,3,12,1.1843,1.1133
0c40419f-7834-4a15-94e8-91ef8d14ced4,560034,12.943644435713951,77.61754844596413,bangalore,blinkit,40.3,1,7,0.9901,1.0892
97601efb-2bad-428f-a1e6-a41e93fb2d94,400601,19.222588483281424,72.98318010565043,mumbai,blinkit,57.8,0,1,1.1017,0.9405
7a0b82c3-76c8-49be-b6a6-10888ec8f3be,400601,19.21753432287626,72.98641989042193,mumbai,amazon,38.5,1,10,1.1498,1.0375
225a795b-f1ba-427f-8986-dba8ca325e30,380001,23.028641418077335,72.56530481205913,ahmedabad,zomato,63.0,1,8,0.815,1.1657
e70f3e8a-5e9f-4922-9eee-5f404a5629e6,400072,19.1699103541974,72.84066070673863,mumbai,amazon,35.3,4,8,1.1834,1.2104
0a6c5d4b-c1e3-42b3-b47a-7f1237d805e8,400001,18.94557994655436,72.82562835966908,mumbai,swiggy,58.3,1,7,1.1241,1.2901
695ffb0b-036c-41ef-89dd-d3a2f19a6bfb,400601,19.225552809422982,72.97158511223815,mumbai,zomato,45.7,4,8,1.102,1.3
ae1fe9b7-6dca-489c-8aa0-1b5c6caaea1c,110092,28.66910591517818,77.29954546416359,delhi,zepto,52.9,1,10,1.0141,1.0934
86f5f5ce-c41d-4169-92fe-462f0c42f491,380015,23.040456607535766,72.59312174120961,ahmedabad,zomato,37.9,3,6,0.9967,1.1891
df65f9d8-eab1-438a-8f8f-6583843a551c,600001,13.078835531990444,80.26775917006906,chennai,blinkit,50.8,0,6,0.9739,1.0824
b5057dc4-86cc-4d4a-a173-8e8d3ac8ef88,560034,12.938308877664438,77.62334912314297,bangalore,amazon,63.4,1,1,0.8346,0.9187
f4ad9489-8b55-476c-9a4e-1f2912e27c28,600040,12.995179842779189,80.25486667728205,chennai,zomato,48.1,3,4,1.0093,1.1218
bb3736f1-476c-4545-aa21-1b2fd96e83b2,110085,28.713707374818846,77.09385005093368,delhi,swiggy,53.1,0,12,1.0066,0.997
9df859e0-9e58-4a3e-9809-eef29174bc0e,400070,19.13447202004723,72.8313576996967,mumbai,blinkit,34.1,1,2,1.1879,1.0185
dfea2b77-165f-4989-9c16-5fb02244ba68,400072,19.17196079395118,72.84277067512134,mumbai,blinkit,70.4,1,3,1.1169,1.0659
8e3ede02-ec3e-4ffa-afe7-fcf2dccbca68,110085,28.69561167227708,77.11152846441692,delhi,zomato,61.4,2,1,1.0627,1.0602
cd9a48f9-064c-46cb-b624-4186ba2db262,380001,23.02470014834159,72.56765814788427,ahmedabad,zomato,46.7,2,5,0.9307,1.1111
bf94fe65-f807-481e-b53d-f26e15c321c7,380005,23.028296572251953,72.57109472517567,ahmedabad,zepto,57.9,2,7,0.8776,1.0777
f9fe007f-c29f-4404-afc9-127c6441e8a1,400601,19.22190223770894,72.97616303381733,mumbai,swiggy,54.1,0,9,1.1362,1.1881
551a6850-b13d-41e4-b66d-e9b281d30f7f,380052,23.072405084922856,72.52595162030168,ahmedabad,amazon,50.5,0,11,0.9262,0.8633
8db83249-f206-43ee-b4c8-0016bb98d819,110001,28.637867686993523,77.22799097327697,delhi,swiggy,46.0,0,3,1.093,1.0061
dd77354d-b970-4d9c-908f-f2c9756e6bbe,400070,19.138189079789694,72.82886583369775,mumbai,amazon,30.7,2,7,1.1554,1.1742
5c34c56a-f956-4359-888c-21532117dbd6,600040,13.005974463014532,80.24677491108022,chennai,swiggy,58.3,1,8,1.0183,1.1874
2610abd4-87cf-4e3f-bd1f-1bb53460212f,600017,13.038451195405598,80.23745052591485,chennai,swiggy,40.6,0,4,1.1653,1.0225
91d8f988-e148-4726-9f80-c8c5fbd7bbc8,560001,12.980254210162656,77.59548507932227,bangalore,zepto,46.4,2,8,0.9736,1.1378
a2b4e8ec-fc2f-4791-953f-5f9237811f7e,110092,28.653169174386672,77.3038222587686,delhi,zomato,55.8,2,8,1.0777,1.1925
c754f7da-f568-43d8-98f4-372cb31f32a3,110085,28.707429260950537,77.10824774053505,delhi,amazon,59.2,1,3,1.0765,1.0487
b5dd0798-b976-4b38-9d96-e5c3f60c1303,400070,19.14050921660567,72.82515202667406,mumbai,blinkit,75.7,0,6,1.3196,1.1969
16a3edf6-86c3-4218-89ed-e3db9a4b35fc,600017,13.042378389090127,80.2366382665755,chennai,zepto,40.8,1,11,1.123,0.9791
e9b7894b-604a-4309-9adf-3a1862592f0b,380052,23.073221914587663,72.52534221257717,ahmedabad,zepto,50.3,0,8,0.8826,0.981
7773a9ff-6cd0-472d-9c2e-d1becd8c23be,110085,28.697309252285425,77.09390983891286,delhi,swiggy,45.5,1,7,1.0654,1.174
b22d6165-541a-4a56-999e-76b2788a432c,560034,12.93038374892592,77.62289613750644,bangalore,zomato,56.5,3,4,0.925,1.0798
cf1d5cc2-444a-4043-9dd6-b707ebde5505,380015,23.039585856966394,72.5811559166336,ahmedabad,amazon,30.1,1,6,0.8767,1.0417
96658cd4-f63e-40d4-a65e-ad27905e9651,600017,13.041354614865428,80.247267423795,chennai,zepto,36.3,3,12,1.01,0.9937
846618e0-5255-4e53-88cc-40eb90dae1c2,110085,28.707572908349498,77.09608506511479,delhi,zomato,50.2,5,11,1.108,1.1453
9feeb21d-a971-4b71-a15b-17952432e979,380015,23.02710568980286,72.57503984270437,ahmedabad,zepto,37.6,0,1,0.9488,0.8975
09e9fef6-cafe-4740-a419-f6269aea3dfb,600017,13.035606909689626,80.24064722609496,chennai,zomato,61.0,1,10,1.0171,1.0907
e4c625dd-9ecd-4819-9001-b6389c7bdb1a,560034,12.925754643184503,77.62452065738255,bangalore,zepto,79.1,0,4,0.8832,1.0392
726c9509-7821-4703-9055-f086206e7c7d,600040,13.005128596140723,80.26054292192364,chennai,zepto,41.6,3,4,0.9135,1.1255
b50048d4-8385-454b-9c8c-4535aceae25e,110020,28.52805008132832,77.18370789284359,delhi,amazon,50.0,2,5,1.0337,1.0531
ba43883b-4380-43b2-b141-2b806c331c92,400601,19.216137187463758,72.98591349555237,mumbai,zomato,53.1,1,11,1.1326,1.0383
8aa64594-af7b-4566-b1ff-ef40147af803,400050,19.065455162271455,72.82088091812629,mumbai,zepto,50.5,1,8,1.311,1.1495
4c77169c-ca69-4f8e-8c21-e5ec4dcfe5d0,400050,19.066027767258014,72.83636652335575,mumbai,amazon,36.7,2,6,1.1866,1.2027
de04809f-04ae-456f-968a-2ac495f509be,400601,19.22539948039123,72.98565119753545,mumbai,zomato,25.0,2,5,1.06,1.1144
3523429f-a076-42b6-8029-c69be0fd8469,380001,23.023335219285354,72.58076131624101,ahmedabad,blinkit,49.2,2,3,0.927,0.9621
e361bf14-a718-4224-9762-d217358d1a11,110020,28.52490937856933,77.19747629090386,delhi,swiggy,52.3,0,9,0.9862,1.1098
d564461b-3184-4aac-8054-98228cc15298,380005,23.02657427355448,72.55959148398854,ahmedabad,amazon,57.4,0,9,0.7765,0.9472
2a445658-41e3-4620-87db-d9106b54e897,110092,28.65615334799161,77.30963368576799,delhi,swiggy,71.1,2,5,1.0599,1.1817
271bd0a2-4593-45b3-9f2c-30c5d87ce774,560034,12.940239199543159,77.63173493984792,bangalore,zepto,49.9,3,12,0.9928,1.0115
826362b6-30cd-4206-8f0c-47bfde56c16d,380001,23.025923149467594,72.57380947570104,ahmedabad,zomato,51.0,0,8,0.844,1.1263
af6210c4-4246-434c-a97a-4ca108d8e9db,400070,19.144564569774005,72.83177430642328,mumbai,swiggy,56.3,0,4,1.2432,1.1395
4e1ae1a6-a269-4cb4-9659-6d80a3b0d1ed,380015,23.033278424402322,72.58932794223915,ahmedabad,amazon,70.4,3,6,0.8576,1.1829
6e08bbbe-e0d6-4bb1-bd9d-4844eb5014f4,400070,19.14455677027767,72.82674119293478,mumbai,blinkit,42.2,1,1,1.1497,1.0213
dc93a1ea-3a27-47dc-95d8-4751f0352a55,110092,28.66564717844922,77.30168123969388,delhi,amazon,39.1,3,2,1.0786,1.0518
5fa289be-a6f1-4a5b-87d5-3d15aa6f35f0,560001,12.96597431225996,77.59650606531855,bangalore,zepto,56.6,1,11,0.9026,0.9931
812ef954-d420-400d-88f4-611dac8e4f67,110092,28.65356769893969,77.31037897656974,delhi,amazon,60.2,3,7,1.0196,1.1794
3d2b7692-1354-43a9-83e9-22aedbb574cb,380005,23.03634674339146,72.55297958641323,ahmedabad,zomato,26.4,0,11,0.8746,0.8748
e140f064-2b85-48af-ba53-9c62443d6477,110044,28.516119217913808,77.31882315346996,delhi,blinkit,35.2,2,1,1.0668,1.0153
dfb13f68-9169-4824-9272-fdc5262798b7,600040,12.993098358736434,80.26647785224067,chennai,amazon,53.8,0,6,1.0363,1.0584
fa830bc2-8780-4ad2-8cfe-5af540ec83f5,600040,12.992007016537194,80.2547238303599,chennai,swiggy,63.9,3,11,1.0907,1.0875
18507623-34ee-417c-a649-bfedc4d8cd26,400070,19.12668762892144,72.83188706772873,mumbai,blinkit,42.8,1,12,1.2546,0.9976
18317589-853c-4116-8aa0-27644425aba4,110085,28.710842392556614,77.10489052400074,delhi,blinkit,66.0,0,2,1.1906,1.0169
4893897a-257a-42a4-a302-90ca1838df81,400601,19.216084609433835,72.97257750924966,mumbai,zomato,62.3,2,1,1.0754,1.1577
09dcd3e7-5bc9-40e9-a7dd-427fdb9e3a7f,110085,28.698332717971397,77.11241262218998,delhi,blinkit,58.4,2,2,1.1213,1.0476
633cb218-899d-4394-8ff7-01dd082f3fc4,400072,19.175850632277673,72.84486245236845,mumbai,swiggy,60.6,1,9,1.1247,1.2598
c7618cc9-5a99-4e8a-a0b0-ea0952c71b62,400601,19.211424131373732,72.98071880653653,mumbai,blinkit,73.6,2,8,1.0397,1.2273
8fac9f3b-91c9-4bad-abdf-103b0e029472,380005,23.025582897359936,72.56778205172792,ahmedabad,amazon,54.5,2,7,0.8671,1.0769
cda422d1-c891-4932-8330-f6f6224ac134,600017,13.041537743997814,80.23927382085688,chennai,swiggy,68.6,4,7,0.9973,1.3
be1b08ca-bd10-4208-aba7-53009a7738ed,400072,19.1744369391108,72.85501946011279,mumbai,blinkit,56.5,3,10,1.1425,1.1168
ccfc1461-0eec-46f4-a610-f5dacbce4c76,380052,23.08065993662718,72.52452186870627,ahmedabad,zepto,54.0,0,1,0.9015,0.92
77e9625a-e64e-48e7-b8ae-1846b4901b76,380005,23.034500190350528,72.56914775861144,ahmedabad,swiggy,40.3,0,8,0.8537,1.0493
8daa6101-8b4f-4031-a8b9-77b2e8d0b334,560001,12.981106862669582,77.60093947814543,bangalore,swiggy,47.8,0,6,0.9397,1.0811
02e76686-b00d-41d2-8977-1c42e12d2c43,400072,19.171682144220952,72.84277124334906,mumbai,zepto,41.0,0,9,1.1148,1.0822
99e317aa-16a3-436e-a636-9ca2226f74f1,380005,23.031187667474107,72.55685011984416,ahmedabad,zomato,29.6,1,7,0.8309,1.0633
6049c00c-bf15-4e56-9907-c38faa62148d,110092,28.65865290293045,77.31369317843716,delhi,swiggy,43.0,1,2,1.0866,1.0026
364da0f2-4603-4569-9f34-9d02e4515798,560001,12.973213981691087,77.5947101752078,bangalore,zomato,27.0,2,11,0.9675,0.9815
e88239b3-6db6-491e-b87d-2af742a7d149,110020,28.52659168114427,77.18752926936085,delhi,amazon,38.0,0,1,1.0788,0.8926
0e6c085b-f4e5-4dbd-896e-3aa1bd66cff9,400050,19.065140985713036,72.83674405947316,mumbai,zepto,35.8,2,4,1.1997,1.0339
bb823388-dc3b-48c8-aaa6-02d89353092d,400601,19.22313282903672,72.97785138141506,mumbai,amazon,26.9,3,4,1.0297,1.0523
2c5d3432-0344-40fe-b304-5cb36c2dd19f,400070,19.132964662113565,72.82567979822399,mumbai,amazon,65.0,2,4,1.1954,1.1461
77eefe5d-8df5-4cc7-bb8f-1887c5953463,600017,13.043292489241004,80.24909490497154,chennai,swiggy,54.1,0,4,1.1613,1.1273
df6ad9ba-734c-4971-835d-10e75a103cf3,380001,23.015324470867466,72.57281754833679,ahmedabad,swiggy,53.5,1,10,0.8506,0.9615
c961a7a1-572d-400a-aa5e-12be00f7100e,400001,18.93451415135322,72.84394247563729,mumbai,zepto,40.0,0,3,1.1785,1.0433
d9c1da90-dde7-4572-bd83-e7268d28470d,400601,19.21579096486759,72.98395464526696,mumbai,amazon,50.8,0,5,1.0641,1.055
cfa71d02-fb82-44f4-b901-b9488a918a04,110001,28.627264150691044,77.22718143546611,delhi,zomato,47.2,3,11,1.1341,1.0833
0e5bfe5a-be43-4860-816f-bac7aa25e465,400001,18.94621338068251,72.84125189626418,mumbai,swiggy,39.9,0,1,1.2677,1.0032
d4487709-33e1-4347-98b5-7cb9225b61db,380005,23.02707553052514,72.5619226097043,ahmedabad,swiggy,58.3,0,10,0.8208,0.912
9d659b53-ebee-4e1a-ba38-dc6a1f7967bd,380001,23.030668691037587,72.57076138108468,ahmedabad,zomato,38.8,0,3,0.9596,0.9196
12e10b05-b8bf-4667-850a-6734e31b299d,110092,28.663738213810934,77.316391154065,delhi,zomato,47.5,0,3,1.045,0.9506
0ef8958b-1a2e-4b06-bfc9-43f14062a920,380052,23.064009273726178,72.51088896744929,ahmedabad,amazon,43.7,1,2,0.8771,0.9171
e7828398-c074-4bd9-8fbb-f3548e11c5fd,400070,19.12709823105312,72.82762319923833,mumbai,blinkit,24.4,2,8,1.2201,1.1573
26ba14d5-c0ae-4560-9019-df3c44bb4ed1,380005,23.02569943324234,72.56118077535861,ahmedabad,amazon,64.4,0,10,0.8215,0.9202
848c7626-9257-4a66-943b-caf8c7c81c63,400072,19.17832891552446,72.84524187153808,mumbai,blinkit,54.0,1,9,1.0935,1.1355
e672ca6a-538c-401d-b69f-b21e88f33df7,110044,28.511647862597776,77.31021563109681,delhi,amazon,43.6,1,1,1.0412,0.958
42dfd72d-3a10-4de4-bf12-fcb2128e9d06,560100,13.03048851200023,77.59390167491026,bangalore,zepto,58.0,0,8,0.9069,1.112
ffc46f3a-bff0-43c7-8c2c-84d110e79991,400001,18.941029272224515,72.83896999936586,mumbai,zomato,56.1,0,8,1.2435,1.2281
66ad8e82-e70c-4c7c-86a4-6d9d38ad7f34,380015,23.043602176921738,72.58123758871527,ahmedabad,blinkit,44.5,3,11,0.9736,1.0073
500471b2-0258-4960-8de5-0096f0237f97,400072,19.16916773404355,72.8540914358051,mumbai,blinkit,42.8,1,12,1.182,0.9987
4650c88c-e419-4e47-ba36-a1cd9016a97b,560001,12.980961527629015,77.59353429054516,bangalore,zomato,47.7,0,2,0.9649,0.9225
a58e1523-e848-4585-ab1d-dae5e88b537c,380001,23.0275773616542,72.57295782225388,ahmedabad,amazon,30.2,2,3,0.8326,0.9127
b8b4ef0a-ccad-437f-8869-0cf8a3767145,400070,19.131832663625485,72.8204121966615,mumbai,swiggy,71.0,3,5,1.1647,1.3
94d3ac0f-0e54-4236-b1b5-a609f9941634,600040,13.005898516947898,80.25712909828378,chennai,amazon,43.7,2,9,1.0269,1.0577
0e1248a3-d041-444c-a023-f9cad8c229c5,380001,23.01578811058158,72.5637316614911,ahmedabad,blinkit,27.8,0,10,0.9794,0.8446
eaa83661-d4ec-4395-8ae3-3a87667e6001,560100,13.038973227098795,77.60563109828618,bangalore,zepto,60.9,1,8,0.9132,1.105
c5ffa233-e8d4-4a3c-bdf3-74ecd9490134,560100,13.027889090362002,77.59853714762265,bangalore,amazon,65.3,2,7,0.9253,1.1426
8960af93-35be-4f12-9ce8-068f00215db3,400072,19.16364468360181,72.84929694759003,mumbai,zomato,37.7,1,11,1.1712,1.0545
5c47a28c-4d84-427f-9c1a-9905ce2a423a,600001,13.078627152270267,80.27946631457303,chennai,swiggy,75.0,0,7,0.9879,1.2157
e71d8a63-ee14-4887-8772-d6b9d187ab05,560001,12.962655305157192,77.59844022511894,bangalore,swiggy,27.1,0,7,0.874,1.0464
beabd612-07eb-4ed4-a60a-e031961b94a2,380001,23.028971044532238,72.57781392321533,ahmedabad,blinkit,47.2,1,7,0.9314,1.0184
e3e52ef4-dcae-4f5e-8b5c-4b7cc6a9b2f8,380052,23.069963589655952,72.51098118747414,ahmedabad,zomato,24.0,1,6,0.8666,1.0461
e6c06d85-8653-4e0a-9513-c40af3b4dbb9,380052,23.07987247221498,72.51449222151957,ahmedabad,zepto,39.8,2,11,0.8468,0.9756
e33ef467-c163-4f47-aad6-cc5578a2c38c,110092,28.67047498846003,77.3100773290367,delhi,zepto,27.6,1,3,1.0445,0.9715
e0585881-eff1-4c87-b4c1-d4830dc07ec0,560034,12.944023018147366,77.62794377622129,bangalore,zomato,50.4,1,2,0.8709,0.9924
c2ffa63c-b93f-47fa-bc0d-47068df037aa,400070,19.13865591671073,72.83536964316428,mumbai,zomato,45.9,1,7,1.1907,1.2629
57f08a4f-6643-41df-b6d0-8aa0bda27fc3,400072,19.1785934200942,72.84963662040205,mumbai,zepto,52.7,1,3,1.1332,1.1002
55c5a78d-ba72-426b-bf96-a19521cf6740,600001,13.079797953669733,80.26896345034416,chennai,zomato,33.5,0,10,1.1079,0.9937
68dbe16f-f0e0-4e3c-a1b7-e371e33aac89,600001,13.075836254106337,80.27724604299475,chennai,amazon,65.4,0,6,1.0302,1.0747
738ae568-6096-4637-9bfc-844f8a3c8df9,400072,19.17988660431357,72.84854081026549,mumbai,blinkit,48.9,0,6,1.1507,1.1219
d100bb97-127f-4ae2-ad42-9edccb26d685,380052,23.075996413088692,72.51486421266368,ahmedabad,zomato,31.1,2,5,0.9046,1.047
61fa3a12-52b3-475e-8526-6bc22f8d3ed3,600040,13.005829929280864,80.26298943035209,chennai,zepto,52.4,1,6,1.0417,1.1858
a83ceb50-4d7e-4b74-abdb-ce863f0183cb,400072,19.16732338535097,72.85428424650571,mumbai,amazon,47.0,2,9,1.1393,1.166
e5883337-6c28-4d98-a6b4-0ddef71517f5,110020,28.523904223925523,77.18218538828484,delhi,swiggy,78.2,1,11,1.1554,1.0205
e18494ce-888c-4ba8-bb46-2b9c7dd1fd33,560034,12.929918569012642,77.63650664607587,bangalore,swiggy,41.7,1,2,0.8963,0.9918
c69c953e-925f-4c32-92ed-4a4923de348f,380005,23.043970595669464,72.555823665581,ahmedabad,amazon,50.9,2,6,0.7853,1.0517
5f26b656-8ace-40cd-a8cd-79b3a0e042b5,400072,19.165718728048418,72.84576289576324,mumbai,zepto,56.9,1,10,1.1358,1.0569
03a07c80-2ca1-4e4b-aee6-b5b0553de49b,110044,28.505962078151185,77.30090491127446,delhi,blinkit,54.7,0,9,0.9934,1.0869
a8aa1278-3b56-49d1-a325-322ce4314ba0,600040,13.009729275959124,80.25489254765614,chennai,amazon,54.1,0,11,1.0121,0.9569
d6e02673-c027-4adc-a003-8698fcdb1f80,600001,13.084365047846251,80.26092605073178,chennai,zomato,27.1,0,10,1.0162,1.0417
78b6a32a-59f1-4509-9802-8c25f9145f2f,110092,28.671276008267142,77.30728397325007,delhi,zomato,62.1,0,3,1.1447,1.0103
592627ad-3798-468d-a253-c427a40c60c7,110092,28.669884865828152,77.30389443941014,delhi,zepto,61.4,0,6,1.0385,1.1102
424e3032-a12a-478d-8bb3-fffd6f423238,380005,23.041546106244265,72.57080796840339,ahmedabad,zomato,50.8,2,3,0.8144,0.9904
00ea38fa-3aa0-4d0a-b3ae-3842ed235354,400601,19.2099704982936,72.97222251885115,mumbai,amazon,48.7,1,11,0.9547,0.9625
e9b348a3-dd14-4fe2-b84f-1676b300090c,380015,23.035239917565672,72.591108646586,ahmedabad,zomato,45.5,1,3,0.9055,0.9539
6f2efa5a-0a0a-4cff-8e6c-71c5ca23c810,400001,18.934163487354898,72.83262149452683,mumbai,zomato,42.7,0,12,1.2849,1.0591
46364614-174a-4544-aa59-22757a476903,560100,13.03974327384276,77.59086870685913,bangalore,swiggy,39.6,0,7,0.8792,1.0743
