pincode,month,year,cityCluster,zoneLat,zoneLng,triggerCount,avgSeverity,baseRiskScore
400001,4,2026,mumbai,18.9388,72.8354,4,0.5531,1.03
400001,3,2026,mumbai,18.9388,72.8354,5,0.4422,1.03
400001,2,2026,mumbai,18.9388,72.8354,2,0.4503,1.03
400001,1,2026,mumbai,18.9388,72.8354,2,0.6594,1.03
400001,12,2025,mumbai,18.9388,72.8354,7,0.4386,1.03
400001,11,2025,mumbai,18.9388,72.8354,4,0.7527,1.03
400001,10,2025,mumbai,18.9388,72.8354,5,0.4988,1.03
400001,9,2025,mumbai,18.9388,72.8354,3,0.5623,1.03
400001,8,2025,mumbai,18.9388,72.8354,5,0.8117,1.03
400001,7,2025,mumbai,18.9388,72.8354,5,0.8063,1.03
400001,6,2025,mumbai,18.9388,72.8354,4,0.7523,1.03
400001,5,2025,mumbai,18.9388,72.8354,0,0.6475,1.03
400001,4,2025,mumbai,18.9388,72.8354,4,0.5683,1.03
400001,3,2025,mumbai,18.9388,72.8354,1,0.5827,1.03
400001,2,2025,mumbai,18.9388,72.8354,0,0.4629,1.03
400001,1,2025,mumbai,18.9388,72.8354,2,0.7611,1.03
400001,12,2024,mumbai,18.9388,72.8354,2,0.5885,1.03
400001,11,2024,mumbai,18.9388,72.8354,2,0.6698,1.03
400001,10,2024,mumbai,18.9388,72.8354,2,0.5767,1.03
400001,9,2024,mumbai,18.9388,72.8354,2,0.7072,1.03
400001,8,2024,mumbai,18.9388,72.8354,8,0.5569,1.03
400001,7,2024,mumbai,18.9388,72.8354,3,0.5828,1.03
400001,6,2024,mumbai,18.9388,72.8354,5,0.6681,1.03
400001,5,2024,mumbai,18.9388,72.8354,1,0.6796,1.03
400050,4,2026,mumbai,19.0596,72.8295,3,0.4984,1.03
400050,3,2026,mumbai,19.0596,72.8295,1,0.7105,1.03
400050,2,2026,mumbai,19.0596,72.8295,5,0.3448,1.03
400050,1,2026,mumbai,19.0596,72.8295,3,0.6476,1.03
400050,12,2025,mumbai,19.0596,72.8295,1,0.7019,1.03
400050,11,2025,mumbai,19.0596,72.8295,5,0.3172,1.03
400050,10,2025,mumbai,19.0596,72.8295,4,0.4923,1.03
400050,9,2025,mumbai,19.0596,72.8295,7,0.6527,1.03
400050,8,2025,mumbai,19.0596,72.8295,1,0.589,1.03
400050,7,2025,mumbai,19.0596,72.8295,3,0.4702,1.03
400050,6,2025,mumbai,19.0596,72.8295,4,0.6546,1.03
400050,5,2025,mumbai,19.0596,72.8295,4,0.5146,1.03
400050,4,2025,mumbai,19.0596,72.8295,3,0.6736,1.03
400050,3,2025,mumbai,19.0596,72.8295,5,0.5989,1.03
400050,2,2025,mumbai,19.0596,72.8295,3,0.5226,1.03
400050,1,2025,mumbai,19.0596,72.8295,4,0.5444,1.03
400050,12,2024,mumbai,19.0596,72.8295,4,0.5818,1.03
400050,11,2024,mumbai,19.0596,72.8295,2,0.4681,1.03
400050,10,2024,mumbai,19.0596,72.8295,2,0.3775,1.03
400050,9,2024,mumbai,19.0596,72.8295,1,0.5514,1.03
400050,8,2024,mumbai,19.0596,72.8295,6,0.675,1.03
400050,7,2024,mumbai,19.0596,72.8295,4,0.6571,1.03
400050,6,2024,mumbai,19.0596,72.8295,2,0.6856,1.03
400050,5,2024,mumbai,19.0596,72.8295,1,0.5322,1.03
400070,4,2026,mumbai,19.1364,72.8266,5,0.5284,1.03
400070,3,2026,mumbai,19.1364,72.8266,4,0.6028,1.03
400070,2,2026,mumbai,19.1364,72.8266,2,0.6306,1.03
400070,1,2026,mumbai,19.1364,72.8266,2,0.7289,1.03
400070,12,2025,mumbai,19.1364,72.8266,5,0.636,1.03
400070,11,2025,mumbai,19.1364,72.8266,0,0.5046,1.03
400070,10,2025,mumbai,19.1364,72.8266,5,0.5365,1.03
400070,9,2025,mumbai,19.1364,72.8266,3,0.5997,1.03
400070,8,2025,mumbai,19.1364,72.8266,5,0.6976,1.03
400070,7,2025,mumbai,19.1364,72.8266,8,0.7058,1.03
400070,6,2025,mumbai,19.1364,72.8266,6,0.6696,1.03
400070,5,2025,mumbai,19.1364,72.8266,4,0.5636,1.03
400070,4,2025,mumbai,19.1364,72.8266,2,0.5622,1.03
400070,3,2025,mumbai,19.1364,72.8266,1,0.4695,1.03
400070,2,2025,mumbai,19.1364,72.8266,4,0.5072,1.03
400070,1,2025,mumbai,19.1364,72.8266,1,0.5809,1.03
400070,12,2024,mumbai,19.1364,72.8266,4,0.5975,1.03
400070,11,2024,mumbai,19.1364,72.8266,1,0.4523,1.03
400070,10,2024,mumbai,19.1364,72.8266,3,0.5949,1.03
400070,9,2024,mumbai,19.1364,72.8266,2,0.6319,1.03
400070,8,2024,mumbai,19.1364,72.8266,5,0.5761,1.03
400070,7,2024,mumbai,19.1364,72.8266,0,0.6742,1.03
400070,6,2024,mumbai,19.1364,72.8266,5,0.5539,1.03
400070,5,2024,mumbai,19.1364,72.8266,3,0.5735,1.03
400072,4,2026,mumbai,19.1723,72.8474,2,0.6371,1.03
400072,3,2026,mumbai,19.1723,72.8474,3,0.664,1.03
400072,2,2026,mumbai,19.1723,72.8474,4,0.5495,1.03
400072,1,2026,mumbai,19.1723,72.8474,2,0.5501,1.03
400072,12,2025,mumbai,19.1723,72.8474,3,0.4896,1.03
400072,11,2025,mumbai,19.1723,72.8474,4,0.7109,1.03
400072,10,2025,mumbai,19.1723,72.8474,2,0.348,1.03
400072,9,2025,mumbai,19.1723,72.8474,3,0.7154,1.03
400072,8,2025,mumbai,19.1723,72.8474,2,0.5618,1.03
400072,7,2025,mumbai,19.1723,72.8474,5,0.5116,1.03
400072,6,2025,mumbai,19.1723,72.8474,4,0.7405,1.03
400072,5,2025,mumbai,19.1723,72.8474,4,0.5276,1.03
400072,4,2025,mumbai,19.1723,72.8474,3,0.5219,1.03
400072,3,2025,mumbai,19.1723,72.8474,3,0.4032,1.03
400072,2,2025,mumbai,19.1723,72.8474,3,0.6091,1.03
400072,1,2025,mumbai,19.1723,72.8474,2,0.5573,1.03
400072,12,2024,mumbai,19.1723,72.8474,5,0.6386,1.03
400072,11,2024,mumbai,19.1723,72.8474,6,0.5695,1.03
400072,10,2024,mumbai,19.1723,72.8474,2,0.6213,1.03
400072,9,2024,mumbai,19.1723,72.8474,3,0.4215,1.03
400072,8,2024,mumbai,19.1723,72.8474,1,0.4711,1.03
400072,7,2024,mumbai,19.1723,72.8474,3,0.6384,1.03
400072,6,2024,mumbai,19.1723,72.8474,4,0.8504,1.03
400072,5,2024,mumbai,19.1723,72.8474,7,0.4421,1.03
400601,4,2026,mumbai,19.2183,72.978,3,0.755,1.03
400601,3,2026,mumbai,19.2183,72.978,3,0.5351,1.03
400601,2,2026,mumbai,19.2183,72.978,1,0.5234,1.03
400601,1,2026,mumbai,19.2183,72.978,4,0.5311,1.03
400601,12,2025,mumbai,19.2183,72.978,2,0.6395,1.03
400601,11,2025,mumbai,19.2183,72.978,1,0.6155,1.03
400601,10,2025,mumbai,19.2183,72.978,3,0.4606,1.03
400601,9,2025,mumbai,19.2183,72.978,2,0.6564,1.03
400601,8,2025,mumbai,19.2183,72.978,6,0.5826,1.03
400601,7,2025,mumbai,19.2183,72.978,2,0.6498,1.03
400601,6,2025,mumbai,19.2183,72.978,1,0.694,1.03
400601,5,2025,mumbai,19.2183,72.978,5,0.5063,1.03
400601,4,2025,mumbai,19.2183,72.978,5,0.4454,1.03
400601,3,2025,mumbai,19.2183,72.978,3,0.5379,1.03
400601,2,2025,mumbai,19.2183,72.978,4,0.5058,1.03
400601,1,2025,mumbai,19.2183,72.978,1,0.5539,1.03
400601,12,2024,mumbai,19.2183,72.978,3,0.5135,1.03
400601,11,2024,mumbai,19.2183,72.978,0,0.5333,1.03
400601,10,2024,mumbai,19.2183,72.978,4,0.5619,1.03
400601,9,2024,mumbai,19.2183,72.978,3,0.7029,1.03
400601,8,2024,mumbai,19.2183,72.978,4,0.6423,1.03
400601,7,2024,mumbai,19.2183,72.978,4,0.6977,1.03
400601,6,2024,mumbai,19.2183,72.978,2,0.6023,1.03
400601,5,2024,mumbai,19.2183,72.978,2,0.5837,1.03
110001,4,2026,delhi,28.6329,77.2197,4,0.5524,1.03
110001,3,2026,delhi,28.6329,77.2197,3,0.5086,1.03
110001,2,2026,delhi,28.6329,77.2197,3,0.4062,1.03
110001,1,2026,delhi,28.6329,77.2197,2,0.5224,1.03
110001,12,2025,delhi,28.6329,77.2197,3,0.4578,1.03
110001,11,2025,delhi,28.6329,77.2197,3,0.5843,1.03
110001,10,2025,delhi,28.6329,77.2197,3,0.6233,1.03
110001,9,2025,delhi,28.6329,77.2197,1,0.5678,1.03
110001,8,2025,delhi,28.6329,77.2197,2,0.6429,1.03
110001,7,2025,delhi,28.6329,77.2197,2,0.672,1.03
110001,6,2025,delhi,28.6329,77.2197,3,0.3773,1.03
110001,5,2025,delhi,28.6329,77.2197,3,0.5828,1.03
110001,4,2025,delhi,28.6329,77.2197,0,0.5394,1.03
110001,3,2025,delhi,28.6329,77.2197,4,0.4896,1.03
110001,2,2025,delhi,28.6329,77.2197,2,0.4988,1.03
110001,1,2025,delhi,28.6329,77.2197,4,0.6704,1.03
110001,12,2024,delhi,28.6329,77.2197,3,0.4225,1.03
110001,11,2024,delhi,28.6329,77.2197,0,0.6564,1.03
110001,10,2024,delhi,28.6329,77.2197,3,0.4376,1.03
110001,9,2024,delhi,28.6329,77.2197,1,0.501,1.03
110001,8,2024,delhi,28.6329,77.2197,2,0.4119,1.03
110001,7,2024,delhi,28.6329,77.2197,4,0.4812,1.03
110001,6,2024,delhi,28.6329,77.2197,2,0.4907,1.03
110001,5,2024,delhi,28.6329,77.2197,2,0.4478,1.03
110020,4,2026,delhi,28.5274,77.1914,2,0.5581,1.03
110020,3,2026,delhi,28.5274,77.1914,2,0.6553,1.03
110020,2,2026,delhi,28.5274,77.1914,2,0.5108,1.03
110020,1,2026,delhi,28.5274,77.1914,5,0.4774,1.03
110020,12,2025,delhi,28.5274,77.1914,1,0.3711,1.03
110020,11,2025,delhi,28.5274,77.1914,1,0.356,1.03
110020,10,2025,delhi,28.5274,77.1914,2,0.6786,1.03
110020,9,2025,delhi,28.5274,77.1914,3,0.5716,1.03
110020,8,2025,delhi,28.5274,77.1914,1,0.5346,1.03
110020,7,2025,delhi,28.5274,77.1914,4,0.5845,1.03
110020,6,2025,delhi,28.5274,77.1914,3,0.545,1.03
110020,5,2025,delhi,28.5274,77.1914,5,0.5819,1.03
110020,4,2025,delhi,28.5274,77.1914,6,0.4151,1.03
110020,3,2025,delhi,28.5274,77.1914,2,0.4142,1.03
110020,2,2025,delhi,28.5274,77.1914,3,0.4486,1.03
110020,1,2025,delhi,28.5274,77.1914,2,0.439,1.03
110020,12,2024,delhi,28.5274,77.1914,3,0.651,1.03
110020,11,2024,delhi,28.5274,77.1914,1,0.5015,1.03
110020,10,2024,delhi,28.5274,77.1914,3,0.423,1.03
110020,9,2024,delhi,28.5274,77.1914,1,0.6847,1.03
110020,8,2024,delhi,28.5274,77.1914,2,0.5398,1.03
110020,7,2024,delhi,28.5274,77.1914,2,0.5151,1.03
110020,6,2024,delhi,28.5274,77.1914,2,0.617,1.03
110020,5,2024,delhi,28.5274,77.1914,4,0.7204,1.03
110044,4,2026,delhi,28.5081,77.3089,4,0.62,1.03
110044,3,2026,delhi,28.5081,77.3089,0,0.5343,1.03
110044,2,2026,delhi,28.5081,77.3089,1,0.5694,1.03
110044,1,2026,delhi,28.5081,77.3089,2,0.4117,1.03
110044,12,2025,delhi,28.5081,77.3089,3,0.5093,1.03
110044,11,2025,delhi,28.5081,77.3089,3,0.586,1.03
110044,10,2025,delhi,28.5081,77.3089,8,0.5066,1.03
110044,9,2025,delhi,28.5081,77.3089,5,0.4981,1.03
110044,8,2025,delhi,28.5081,77.3089,3,0.5583,1.03
110044,7,2025,delhi,28.5081,77.3089,5,0.7455,1.03
110044,6,2025,delhi,28.5081,77.3089,4,0.5437,1.03
110044,5,2025,delhi,28.5081,77.3089,0,0.5064,1.03
110044,4,2025,delhi,28.5081,77.3089,0,0.621,1.03
110044,3,2025,delhi,28.5081,77.3089,1,0.5562,1.03
110044,2,2025,delhi,28.5081,77.3089,6,0.4379,1.03
110044,1,2025,delhi,28.5081,77.3089,1,0.5147,1.03
110044,12,2024,delhi,28.5081,77.3089,3,0.6115,1.03
110044,11,2024,delhi,28.5081,77.3089,2,0.4923,1.03
110044,10,2024,delhi,28.5081,77.3089,4,0.5504,1.03
110044,9,2024,delhi,28.5081,77.3089,2,0.7388,1.03
110044,8,2024,delhi,28.5081,77.3089,0,0.633,1.03
110044,7,2024,delhi,28.5081,77.3089,7,0.3913,1.03
110044,6,2024,delhi,28.5081,77.3089,1,0.5333,1.03
110044,5,2024,delhi,28.5081,77.3089,3,0.4695,1.03
110092,4,2026,delhi,28.6618,77.3064,7,0.6466,1.03
110092,3,2026,delhi,28.6618,77.3064,4,0.6708,1.03
110092,2,2026,delhi,28.6618,77.3064,2,0.4923,1.03
110092,1,2026,delhi,28.6618,77.3064,2,0.4224,1.03
110092,12,2025,delhi,28.6618,77.3064,4,0.6233,1.03
110092,11,2025,delhi,28.6618,77.3064,0,0.4251,1.03
110092,10,2025,delhi,28.6618,77.3064,3,0.6933,1.03
110092,9,2025,delhi,28.6618,77.3064,1,0.6011,1.03
110092,8,2025,delhi,28.6618,77.3064,4,0.504,1.03
110092,7,2025,delhi,28.6618,77.3064,2,0.5763,1.03
110092,6,2025,delhi,28.6618,77.3064,3,0.4815,1.03
110092,5,2025,delhi,28.6618,77.3064,0,0.5699,1.03
110092,4,2025,delhi,28.6618,77.3064,1,0.6528,1.03
110092,3,2025,delhi,28.6618,77.3064,2,0.4987,1.03
110092,2,2025,delhi,28.6618,77.3064,3,0.4371,1.03
110092,1,2025,delhi,28.6618,77.3064,1,0.4732,1.03
110092,12,2024,delhi,28.6618,77.3064,6,0.4321,1.03
110092,11,2024,delhi,28.6618,77.3064,2,0.7258,1.03
110092,10,2024,delhi,28.6618,77.3064,2,0.6164,1.03
110092,9,2024,delhi,28.6618,77.3064,3,0.562,1.03
110092,8,2024,delhi,28.6618,77.3064,3,0.717,1.03
110092,7,2024,delhi,28.6618,77.3064,3,0.4257,1.03
110092,6,2024,delhi,28.6618,77.3064,3,0.6129,1.03
110092,5,2024,delhi,28.6618,77.3064,3,0.634,1.03
110085,4,2026,delhi,28.7041,77.1025,4,0.6022,1.03
110085,3,2026,delhi,28.7041,77.1025,3,0.4595,1.03
110085,2,2026,delhi,28.7041,77.1025,2,0.486,1.03
110085,1,2026,delhi,28.7041,77.1025,3,0.4788,1.03
110085,12,2025,delhi,28.7041,77.1025,0,0.6461,1.03
110085,11,2025,delhi,28.7041,77.1025,1,0.4986,1.03
110085,10,2025,delhi,28.7041,77.1025,4,0.5557,1.03
110085,9,2025,delhi,28.7041,77.1025,3,0.6167,1.03
110085,8,2025,delhi,28.7041,77.1025,6,0.44,1.03
110085,7,2025,delhi,28.7041,77.1025,6,0.5211,1.03
110085,6,2025,delhi,28.7041,77.1025,4,0.7046,1.03
110085,5,2025,delhi,28.7041,77.1025,4,0.4823,1.03
110085,4,2025,delhi,28.7041,77.1025,1,0.4179,1.03
110085,3,2025,delhi,28.7041,77.1025,2,0.5202,1.03
110085,2,2025,delhi,28.7041,77.1025,2,0.6834,1.03
110085,1,2025,delhi,28.7041,77.1025,2,0.615,1.03
110085,12,2024,delhi,28.7041,77.1025,1,0.622,1.03
110085,11,2024,delhi,28.7041,77.1025,0,0.6482,1.03
110085,10,2024,delhi,28.7041,77.1025,5,0.6728,1.03
110085,9,2024,delhi,28.7041,77.1025,5,0.6119,1.03
110085,8,2024,delhi,28.7041,77.1025,2,0.5986,1.03
110085,7,2024,delhi,28.7041,77.1025,4,0.5243,1.03
110085,6,2024,delhi,28.7041,77.1025,2,0.5631,1.03
110085,5,2024,delhi,28.7041,77.1025,3,0.3764,1.03
380001,4,2026,ahmedabad,23.0225,72.5714,2,0.3803,1.03
380001,3,2026,ahmedabad,23.0225,72.5714,2,0.3762,1.03
380001,2,2026,ahmedabad,23.0225,72.5714,2,0.4001,1.03
380001,1,2026,ahmedabad,23.0225,72.5714,2,0.5076,1.03
380001,12,2025,ahmedabad,23.0225,72.5714,0,0.3128,1.03
380001,11,2025,ahmedabad,23.0225,72.5714,1,0.5142,1.03
380001,10,2025,ahmedabad,23.0225,72.5714,0,0.3861,1.03
380001,9,2025,ahmedabad,23.0225,72.5714,3,0.5059,1.03
380001,8,2025,ahmedabad,23.0225,72.5714,1,0.5246,1.03
380001,7,2025,ahmedabad,23.0225,72.5714,3,0.5204,1.03
380001,6,2025,ahmedabad,23.0225,72.5714,7,0.5094,1.03
380001,5,2025,ahmedabad,23.0225,72.5714,1,0.346,1.03
380001,4,2025,ahmedabad,23.0225,72.5714,2,0.3606,1.03
380001,3,2025,ahmedabad,23.0225,72.5714,1,0.4399,1.03
380001,2,2025,ahmedabad,23.0225,72.5714,1,0.3519,1.03
380001,1,2025,ahmedabad,23.0225,72.5714,3,0.3842,1.03
380001,12,2024,ahmedabad,23.0225,72.5714,2,0.4145,1.03
380001,11,2024,ahmedabad,23.0225,72.5714,0,0.4718,1.03
380001,10,2024,ahmedabad,23.0225,72.5714,1,0.5432,1.03
380001,9,2024,ahmedabad,23.0225,72.5714,4,0.5603,1.03
380001,8,2024,ahmedabad,23.0225,72.5714,4,0.5094,1.03
380001,7,2024,ahmedabad,23.0225,72.5714,6,0.3419,1.03
380001,6,2024,ahmedabad,23.0225,72.5714,3,0.6303,1.03
380001,5,2024,ahmedabad,23.0225,72.5714,3,0.4472,1.03
380005,4,2026,ahmedabad,23.0352,72.5622,1,0.4414,1.03
380005,3,2026,ahmedabad,23.0352,72.5622,4,0.6296,1.03
380005,2,2026,ahmedabad,23.0352,72.5622,4,0.3858,1.03
380005,1,2026,ahmedabad,23.0352,72.5622,2,0.3062,1.03
380005,12,2025,ahmedabad,23.0352,72.5622,3,0.2062,1.03
380005,11,2025,ahmedabad,23.0352,72.5622,2,0.3414,1.03
380005,10,2025,ahmedabad,23.0352,72.5622,1,0.4058,1.03
380005,9,2025,ahmedabad,23.0352,72.5622,1,0.4026,1.03
380005,8,2025,ahmedabad,23.0352,72.5622,2,0.3379,1.03
380005,7,2025,ahmedabad,23.0352,72.5622,5,0.2666,1.03
380005,6,2025,ahmedabad,23.0352,72.5622,2,0.6209,1.03
380005,5,2025,ahmedabad,23.0352,72.5622,2,0.5006,1.03
380005,4,2025,ahmedabad,23.0352,72.5622,2,0.5457,1.03
380005,3,2025,ahmedabad,23.0352,72.5622,1,0.2573,1.03
380005,2,2025,ahmedabad,23.0352,72.5622,1,0.3526,1.03
380005,1,2025,ahmedabad,23.0352,72.5622,2,0.2584,1.03
380005,12,2024,ahmedabad,23.0352,72.5622,4,0.3753,1.03
380005,11,2024,ahmedabad,23.0352,72.5622,1,0.3545,1.03
380005,10,2024,ahmedabad,23.0352,72.5622,5,0.4344,1.03
380005,9,2024,ahmedabad,23.0352,72.5622,0,0.4213,1.03
380005,8,2024,ahmedabad,23.0352,72.5622,4,0.4104,1.03
380005,7,2024,ahmedabad,23.0352,72.5622,5,0.5691,1.03
380005,6,2024,ahmedabad,23.0352,72.5622,4,0.45,1.03
380005,5,2024,ahmedabad,23.0352,72.5622,3,0.2633,1.03
380015,4,2026,ahmedabad,23.0338,72.585,2,0.4453,1.03
380015,3,2026,ahmedabad,23.0338,72.585,1,0.2768,1.03
380015,2,2026,ahmedabad,23.0338,72.585,2,0.31,1.03
380015,1,2026,ahmedabad,23.0338,72.585,3,0.4092,1.03
380015,12,2025,ahmedabad,23.0338,72.585,3,0.5235,1.03
380015,11,2025,ahmedabad,23.0338,72.585,3,0.4706,1.03
380015,10,2025,ahmedabad,23.0338,72.585,0,0.3768,1.03
380015,9,2025,ahmedabad,23.0338,72.585,3,0.5023,1.03
380015,8,2025,ahmedabad,23.0338,72.585,3,0.2578,1.03
380015,7,2025,ahmedabad,23.0338,72.585,4,0.7082,1.03
380015,6,2025,ahmedabad,23.0338,72.585,1,0.4544,1.03
380015,5,2025,ahmedabad,23.0338,72.585,4,0.4033,1.03
380015,4,2025,ahmedabad,23.0338,72.585,0,0.3597,1.03
380015,3,2025,ahmedabad,23.0338,72.585,3,0.5297,1.03
380015,2,2025,ahmedabad,23.0338,72.585,2,0.528,1.03
380015,1,2025,ahmedabad,23.0338,72.585,3,0.5143,1.03
380015,12,2024,ahmedabad,23.0338,72.585,3,0.4075,1.03
380015,11,2024,ahmedabad,23.0338,72.585,0,0.5107,1.03
380015,10,2024,ahmedabad,23.0338,72.585,3,0.4336,1.03
380015,9,2024,ahmedabad,23.0338,72.585,4,0.4165,1.03
380015,8,2024,ahmedabad,23.0338,72.585,2,0.2759,1.03
380015,7,2024,ahmedabad,23.0338,72.585,4,0.4705,1.03
380015,6,2024,ahmedabad,23.0338,72.585,2,0.5951,1.03
380015,5,2024,ahmedabad,23.0338,72.585,3,0.4915,1.03
380052,4,2026,ahmedabad,23.0734,72.5168,2,0.5523,1.03
380052,3,2026,ahmedabad,23.0734,72.5168,2,0.3927,1.03
380052,2,2026,ahmedabad,23.0734,72.5168,1,0.3837,1.03
380052,1,2026,ahmedabad,23.0734,72.5168,2,0.5229,1.03
380052,12,2025,ahmedabad,23.0734,72.5168,2,0.3558,1.03
380052,11,2025,ahmedabad,23.0734,72.5168,0,0.3624,1.03
380052,10,2025,ahmedabad,23.0734,72.5168,2,0.4386,1.03
380052,9,2025,ahmedabad,23.0734,72.5168,4,0.4057,1.03
380052,8,2025,ahmedabad,23.0734,72.5168,0,0.5547,1.03
380052,7,2025,ahmedabad,23.0734,72.5168,4,0.6289,1.03
380052,6,2025,ahmedabad,23.0734,72.5168,1,0.565,1.03
380052,5,2025,ahmedabad,23.0734,72.5168,2,0.4918,1.03
380052,4,2025,ahmedabad,23.0734,72.5168,0,0.4673,1.03
380052,3,2025,ahmedabad,23.0734,72.5168,4,0.5484,1.03
380052,2,2025,ahmedabad,23.0734,72.5168,3,0.4249,1.03
380052,1,2025,ahmedabad,23.0734,72.5168,0,0.3969,1.03
380052,12,2024,ahmedabad,23.0734,72.5168,1,0.3205,1.03
380052,11,2024,ahmedabad,23.0734,72.5168,1,0.4663,1.03
380052,10,2024,ahmedabad,23.0734,72.5168,2,0.4294,1.03
380052,9,2024,ahmedabad,23.0734,72.5168,3,0.6272,1.03
380052,8,2024,ahmedabad,23.0734,72.5168,3,0.4292,1.03
380052,7,2024,ahmedabad,23.0734,72.5168,3,0.3031,1.03
380052,6,2024,ahmedabad,23.0734,72.5168,3,0.5297,1.03
380052,5,2024,ahmedabad,23.0734,72.5168,0,0.4206,1.03
560001,4,2026,bangalore,12.9716,77.5946,2,0.4701,1.03
560001,3,2026,bangalore,12.9716,77.5946,3,0.5089,1.03
560001,2,2026,bangalore,12.9716,77.5946,1,0.5809,1.03
560001,1,2026,bangalore,12.9716,77.5946,1,0.4096,1.03
560001,12,2025,bangalore,12.9716,77.5946,1,0.5797,1.03
560001,11,2025,bangalore,12.9716,77.5946,4,0.3249,1.03
560001,10,2025,bangalore,12.9716,77.5946,0,0.5663,1.03
560001,9,2025,bangalore,12.9716,77.5946,5,0.4939,1.03
560001,8,2025,bangalore,12.9716,77.5946,5,0.5327,1.03
560001,7,2025,bangalore,12.9716,77.5946,3,0.5377,1.03
560001,6,2025,bangalore,12.9716,77.5946,4,0.557,1.03
560001,5,2025,bangalore,12.9716,77.5946,1,0.5484,1.03
560001,4,2025,bangalore,12.9716,77.5946,3,0.5623,1.03
560001,3,2025,bangalore,12.9716,77.5946,0,0.3634,1.03
560001,2,2025,bangalore,12.9716,77.5946,2,0.3912,1.03
560001,1,2025,bangalore,12.9716,77.5946,3,0.5105,1.03
560001,12,2024,bangalore,12.9716,77.5946,0,0.4206,1.03
560001,11,2024,bangalore,12.9716,77.5946,3,0.4944,1.03
560001,10,2024,bangalore,12.9716,77.5946,5,0.4183,1.03
560001,9,2024,bangalore,12.9716,77.5946,1,0.4201,1.03
560001,8,2024,bangalore,12.9716,77.5946,2,0.4023,1.03
560001,7,2024,bangalore,12.9716,77.5946,3,0.7111,1.03
560001,6,2024,bangalore,12.9716,77.5946,1,0.5409,1.03
560001,5,2024,bangalore,12.9716,77.5946,6,0.3915,1.03
560034,4,2026,bangalore,12.9346,77.6267,2,0.5146,1.03
560034,3,2026,bangalore,12.9346,77.6267,4,0.2278,1.03
560034,2,2026,bangalore,12.9346,77.6267,3,0.3136,1.03
560034,1,2026,bangalore,12.9346,77.6267,1,0.6132,1.03
560034,12,2025,bangalore,12.9346,77.6267,0,0.3955,1.03
560034,11,2025,bangalore,12.9346,77.6267,2,0.4849,1.03
560034,10,2025,bangalore,12.9346,77.6267,1,0.4274,1.03
560034,9,2025,bangalore,12.9346,77.6267,2,0.5937,1.03
560034,8,2025,bangalore,12.9346,77.6267,0,0.3879,1.03
560034,7,2025,bangalore,12.9346,77.6267,1,0.7414,1.03
560034,6,2025,bangalore,12.9346,77.6267,4,0.5406,1.03
560034,5,2025,bangalore,12.9346,77.6267,1,0.6012,1.03
560034,4,2025,bangalore,12.9346,77.6267,3,0.4986,1.03
560034,3,2025,bangalore,12.9346,77.6267,2,0.5288,1.03
560034,2,2025,bangalore,12.9346,77.6267,3,0.7069,1.03
560034,1,2025,bangalore,12.9346,77.6267,5,0.3707,1.03
560034,12,2024,bangalore,12.9346,77.6267,1,0.4582,1.03
560034,11,2024,bangalore,12.9346,77.6267,3,0.4187,1.03
560034,10,2024,bangalore,12.9346,77.6267,1,0.374,1.03
560034,9,2024,bangalore,12.9346,77.6267,3,0.4652,1.03
560034,8,2024,bangalore,12.9346,77.6267,3,0.5609,1.03
560034,7,2024,bangalore,12.9346,77.6267,3,0.2518,1.03
560034,6,2024,bangalore,12.9346,77.6267,3,0.3792,1.03
560034,5,2024,bangalore,12.9346,77.6267,5,0.5482,1.03
560100,4,2026,bangalore,13.0358,77.597,1,0.5398,1.03
560100,3,2026,bangalore,13.0358,77.597,1,0.548,1.03
560100,2,2026,bangalore,13.0358,77.597,1,0.2929,1.03
560100,1,2026,bangalore,13.0358,77.597,0,0.2953,1.03
560100,12,2025,bangalore,13.0358,77.597,2,0.4633,1.03
560100,11,2025,bangalore,13.0358,77.597,1,0.3751,1.03
560100,10,2025,bangalore,13.0358,77.597,2,0.5106,1.03
560100,9,2025,bangalore,13.0358,77.597,6,0.5378,1.03
560100,8,2025,bangalore,13.0358,77.597,4,0.536,1.03
560100,7,2025,bangalore,13.0358,77.597,2,0.5397,1.03
560100,6,2025,bangalore,13.0358,77.597,2,0.5673,1.03
560100,5,2025,bangalore,13.0358,77.597,2,0.4762,1.03
560100,4,2025,bangalore,13.0358,77.597,2,0.4711,1.03
560100,3,2025,bangalore,13.0358,77.597,3,0.3862,1.03
560100,2,2025,bangalore,13.0358,77.597,1,0.4491,1.03
560100,1,2025,bangalore,13.0358,77.597,2,0.5158,1.03
560100,12,2024,bangalore,13.0358,77.597,0,0.2835,1.03
560100,11,2024,bangalore,13.0358,77.597,5,0.4961,1.03
560100,10,2024,bangalore,13.0358,77.597,0,0.6439,1.03
560100,9,2024,bangalore,13.0358,77.597,1,0.6828,1.03
560100,8,2024,bangalore,13.0358,77.597,3,0.5535,1.03
560100,7,2024,bangalore,13.0358,77.597,2,0.467,1.03
560100,6,2024,bangalore,13.0358,77.597,3,0.368,1.03
560100,5,2024,bangalore,13.0358,77.597,2,0.5319,1.03
600001,4,2026,chennai,13.0827,80.2707,3,0.5747,1.03
600001,3,2026,chennai,13.0827,80.2707,1,0.4259,1.03
600001,2,2026,chennai,13.0827,80.2707,5,0.6029,1.03
600001,1,2026,chennai,13.0827,80.2707,2,0.4622,1.03
600001,12,2025,chennai,13.0827,80.2707,3,0.7705,1.03
600001,11,2025,chennai,13.0827,80.2707,2,0.4704,1.03
600001,10,2025,chennai,13.0827,80.2707,1,0.4305,1.03
600001,9,2025,chennai,13.0827,80.2707,2,0.5029,1.03
600001,8,2025,chennai,13.0827,80.2707,3,0.6207,1.03
600001,7,2025,chennai,13.0827,80.2707,2,0.5733,1.03
600001,6,2025,chennai,13.0827,80.2707,4,0.7127,1.03
600001,5,2025,chennai,13.0827,80.2707,2,0.4981,1.03
600001,4,2025,chennai,13.0827,80.2707,1,0.4895,1.03
600001,3,2025,chennai,13.0827,80.2707,3,0.5515,1.03
600001,2,2025,chennai,13.0827,80.2707,1,0.4921,1.03
600001,1,2025,chennai,13.0827,80.2707,0,0.3621,1.03
600001,12,2024,chennai,13.0827,80.2707,3,0.5035,1.03
600001,11,2024,chennai,13.0827,80.2707,2,0.5808,1.03
600001,10,2024,chennai,13.0827,80.2707,3,0.5241,1.03
600001,9,2024,chennai,13.0827,80.2707,1,0.704,1.03
600001,8,2024,chennai,13.0827,80.2707,3,0.5502,1.03
600001,7,2024,chennai,13.0827,80.2707,5,0.4908,1.03
600001,6,2024,chennai,13.0827,80.2707,4,0.6231,1.03
600001,5,2024,chennai,13.0827,80.2707,2,0.5549,1.03
600017,4,2026,chennai,13.0435,80.2462,1,0.4723,1.03
600017,3,2026,chennai,13.0435,80.2462,2,0.5666,1.03
600017,2,2026,chennai,13.0435,80.2462,1,0.5024,1.03
600017,1,2026,chennai,13.0435,80.2462,2,0.3415,1.03
600017,12,2025,chennai,13.0435,80.2462,1,0.4566,1.03
600017,11,2025,chennai,13.0435,80.2462,3,0.5311,1.03
600017,10,2025,chennai,13.0435,80.2462,1,0.6209,1.03
600017,9,2025,chennai,13.0435,80.2462,1,0.4017,1.03
600017,8,2025,chennai,13.0435,80.2462,1,0.6434,1.03
600017,7,2025,chennai,13.0435,80.2462,1,0.6554,1.03
600017,6,2025,chennai,13.0435,80.2462,4,0.4998,1.03
600017,5,2025,chennai,13.0435,80.2462,2,0.6025,1.03
600017,4,2025,chennai,13.0435,80.2462,2,0.5627,1.03
600017,3,2025,chennai,13.0435,80.2462,2,0.5886,1.03
600017,2,2025,chennai,13.0435,80.2462,2,0.4036,1.03
600017,1,2025,chennai,13.0435,80.2462,2,0.509,1.03
600017,12,2024,chennai,13.0435,80.2462,1,0.3723,1.03
600017,11,2024,chennai,13.0435,80.2462,1,0.3709,1.03
600017,10,2024,chennai,13.0435,80.2462,2,0.5608,1.03
600017,9,2024,chennai,13.0435,80.2462,3,0.4876,1.03
600017,8,2024,chennai,13.0435,80.2462,4,0.6271,1.03
600017,7,2024,chennai,13.0435,80.2462,4,0.6942,1.03
600017,6,2024,chennai,13.0435,80.2462,4,0.6503,1.03
600017,5,2024,chennai,13.0435,80.2462,1,0.6432,1.03
600040,4,2026,chennai,13.0012,80.2565,2,0.6247,1.03
600040,3,2026,chennai,13.0012,80.2565,3,0.2809,1.03
600040,2,2026,chennai,13.0012,80.2565,0,0.4666,1.03
600040,1,2026,chennai,13.0012,80.2565,4,0.5038,1.03
600040,12,2025,chennai,13.0012,80.2565,2,0.7056,1.03
600040,11,2025,chennai,13.0012,80.2565,2,0.6109,1.03
600040,10,2025,chennai,13.0012,80.2565,5,0.5417,1.03
600040,9,2025,chennai,13.0012,80.2565,4,0.4061,1.03
600040,8,2025,chennai,13.0012,80.2565,5,0.5822,1.03
600040,7,2025,chennai,13.0012,80.2565,4,0.5278,1.03
600040,6,2025,chennai,13.0012,80.2565,3,0.6978,1.03
600040,5,2025,chennai,13.0012,80.2565,3,0.5416,1.03
600040,4,2025,chennai,13.0012,80.2565,5,0.5343,1.03
600040,3,2025,chennai,13.0012,80.2565,2,0.7392,1.03
600040,2,2025,chennai,13.0012,80.2565,2,0.4193,1.03
600040,1,2025,chennai,13.0012,80.2565,0,0.4801,1.03
600040,12,2024,chennai,13.0012,80.2565,3,0.4143,1.03
600040,11,2024,chennai,13.0012,80.2565,1,0.5432,1.03
600040,10,2024,chennai,13.0012,80.2565,2,0.6138,1.03
600040,9,2024,chennai,13.0012,80.2565,1,0.5938,1.03
600040,8,2024,chennai,13.0012,80.2565,4,0.5045,1.03
600040,7,2024,chennai,13.0012,80.2565,7,0.5712,1.03
600040,6,2024,chennai,13.0012,80.2565,3,0.3774,1.03
600040,5,2024,chennai,13.0012,80.2565,3,0.6347,1.03
600000,4,2026,other,13.0,80.2,4,0.5731,1.0
600000,3,2026,other,13.0,80.2,4,0.5388,1.0
600000,2,2026,other,13.0,80.2,1,0.5617,1.0
600000,1,2026,other,13.0,80.2,2,0.6757,1.0
600000,12,2025,other,13.0,80.2,0,0.6208,1.0
600000,11,2025,other,13.0,80.2,3,0.424,1.0
600000,10,2025,other,13.0,80.2,2,0.5669,1.0
600000,9,2025,other,13.0,80.2,2,0.5651,1.0
600000,8,2025,other,13.0,80.2,3,0.639,1.0
600000,7,2025,other,13.0,80.2,2,0.515,1.0
600000,6,2025,other,13.0,80.2,6,0.5013,1.0
600000,5,2025,other,13.0,80.2,3,0.3524,1.0
600000,4,2025,other,13.0,80.2,7,0.3267,1.0
600000,3,2025,other,13.0,80.2,0,0.5071,1.0
600000,2,2025,other,13.0,80.2,1,0.5656,1.0
600000,1,2025,other,13.0,80.2,2,0.7025,1.0
600000,12,2024,other,13.0,80.2,4,0.3308,1.0
600000,11,2024,other,13.0,80.2,0,0.6464,1.0
600000,10,2024,other,13.0,80.2,1,0.5253,1.0
600000,9,2024,other,13.0,80.2,2,0.543,1.0
600000,8,2024,other,13.0,80.2,1,0.6479,1.0
600000,7,2024,other,13.0,80.2,5,0.6042,1.0
600000,6,2024,other,13.0,80.2,2,0.7789,1.0
600000,5,2024,other,13.0,80.2,0,0.4816,1.0
600001,4,2026,other,13.01,80.21000000000001,3,0.6673,1.0
600001,3,2026,other,13.01,80.21000000000001,2,0.4261,1.0
600001,2,2026,other,13.01,80.21000000000001,2,0.4442,1.0
600001,1,2026,other,13.01,80.21000000000001,2,0.463,1.0
600001,12,2025,other,13.01,80.21000000000001,0,0.4426,1.0
600001,11,2025,other,13.01,80.21000000000001,0,0.4746,1.0
600001,10,2025,other,13.01,80.21000000000001,5,0.5461,1.0
600001,9,2025,other,13.01,80.21000000000001,6,0.5726,1.0
600001,8,2025,other,13.01,80.21000000000001,1,0.4876,1.0
600001,7,2025,other,13.01,80.21000000000001,2,0.6076,1.0
600001,6,2025,other,13.01,80.21000000000001,6,0.5326,1.0
600001,5,2025,other,13.01,80.21000000000001,4,0.4939,1.0
600001,4,2025,other,13.01,80.21000000000001,4,0.5137,1.0
600001,3,2025,other,13.01,80.21000000000001,1,0.7768,1.0
600001,2,2025,other,13.01,80.21000000000001,2,0.3819,1.0
600001,1,2025,other,13.01,80.21000000000001,0,0.6104,1.0
600001,12,2024,other,13.01,80.21000000000001,3,0.501,1.0
600001,11,2024,other,13.01,80.21000000000001,1,0.3486,1.0
600001,10,2024,other,13.01,80.21000000000001,3,0.4815,1.0
600001,9,2024,other,13.01,80.21000000000001,2,0.5316,1.0
600001,8,2024,other,13.01,80.21000000000001,4,0.5081,1.0
600001,7,2024,other,13.01,80.21000000000001,3,0.5754,1.0
600001,6,2024,other,13.01,80.21000000000001,3,0.6479,1.0
600001,5,2024,other,13.01,80.21000000000001,2,0.4813,1.0
600002,4,2026,other,13.02,80.22,4,0.616,1.0
600002,3,2026,other,13.02,80.22,1,0.4344,1.0
600002,2,2026,other,13.02,80.22,0,0.5424,1.0
600002,1,2026,other,13.02,80.22,3,0.4761,1.0
600002,12,2025,other,13.02,80.22,0,0.4991,1.0
600002,11,2025,other,13.02,80.22,1,0.4253,1.0
600002,10,2025,other,13.02,80.22,2,0.4534,1.0
600002,9,2025,other,13.02,80.22,4,0.2753,1.0
600002,8,2025,other,13.02,80.22,3,0.5758,1.0
600002,7,2025,other,13.02,80.22,4,0.7608,1.0
600002,6,2025,other,13.02,80.22,5,0.6327,1.0
600002,5,2025,other,13.02,80.22,3,0.4953,1.0
600002,4,2025,other,13.02,80.22,2,0.4533,1.0
600002,3,2025,other,13.02,80.22,1,0.3367,1.0
600002,2,2025,other,13.02,80.22,0,0.5312,1.0
600002,1,2025,other,13.02,80.22,2,0.2974,1.0
600002,12,2024,other,13.02,80.22,4,0.4337,1.0
600002,11,2024,other,13.02,80.22,2,0.3891,1.0
600002,10,2024,other,13.02,80.22,0,0.5301,1.0
600002,9,2024,other,13.02,80.22,3,0.6268,1.0
600002,8,2024,other,13.02,80.22,3,0.606,1.0
600002,7,2024,other,13.02,80.22,2,0.346,1.0
600002,6,2024,other,13.02,80.22,6,0.6048,1.0
600002,5,2024,other,13.02,80.22,3,0.3425,1.0
600003,4,2026,other,13.03,80.23,5,0.5764,1.0
600003,3,2026,other,13.03,80.23,3,0.387,1.0
600003,2,2026,other,13.03,80.23,1,0.5674,1.0
600003,1,2026,other,13.03,80.23,0,0.3953,1.0
600003,12,2025,other,13.03,80.23,3,0.4043,1.0
600003,11,2025,other,13.03,80.23,3,0.45,1.0
600003,10,2025,other,13.03,80.23,2,0.5595,1.0
600003,9,2025,other,13.03,80.23,0,0.5393,1.0
600003,8,2025,other,13.03,80.23,2,0.5625,1.0
600003,7,2025,other,13.03,80.23,4,0.4575,1.0
600003,6,2025,other,13.03,80.23,4,0.6675,1.0
600003,5,2025,other,13.03,80.23,3,0.4967,1.0
600003,4,2025,other,13.03,80.23,1,0.5912,1.0
600003,3,2025,other,13.03,80.23,4,0.4181,1.0
600003,2,2025,other,13.03,80.23,0,0.5037,1.0
600003,1,2025,other,13.03,80.23,1,0.5615,1.0
600003,12,2024,other,13.03,80.23,2,0.4425,1.0
600003,11,2024,other,13.03,80.23,2,0.2559,1.0
600003,10,2024,other,13.03,80.23,6,0.3308,1.0
600003,9,2024,other,13.03,80.23,3,0.4395,1.0
600003,8,2024,other,13.03,80.23,2,0.5214,1.0
600003,7,2024,other,13.03,80.23,5,0.5212,1.0
600003,6,2024,other,13.03,80.23,2,0.4354,1.0
600003,5,2024,other,13.03,80.23,5,0.5082,1.0
600004,4,2026,other,13.04,80.24000000000001,4,0.566,1.0
600004,3,2026,other,13.04,80.24000000000001,2,0.3777,1.0
600004,2,2026,other,13.04,80.24000000000001,3,0.6051,1.0
600004,1,2026,other,13.04,80.24000000000001,3,0.3187,1.0
600004,12,2025,other,13.04,80.24000000000001,0,0.4345,1.0
600004,11,2025,other,13.04,80.24000000000001,2,0.346,1.0
600004,10,2025,other,13.04,80.24000000000001,4,0.6032,1.0
600004,9,2025,other,13.04,80.24000000000001,3,0.3824,1.0
600004,8,2025,other,13.04,80.24000000000001,3,0.4592,1.0
600004,7,2025,other,13.04,80.24000000000001,4,0.3966,1.0
600004,6,2025,other,13.04,80.24000000000001,4,0.6037,1.0
600004,5,2025,other,13.04,80.24000000000001,2,0.4476,1.0
600004,4,2025,other,13.04,80.24000000000001,4,0.402,1.0
600004,3,2025,other,13.04,80.24000000000001,4,0.4454,1.0
600004,2,2025,other,13.04,80.24000000000001,3,0.3929,1.0
600004,1,2025,other,13.04,80.24000000000001,1,0.2926,1.0
600004,12,2024,other,13.04,80.24000000000001,0,0.3386,1.0
600004,11,2024,other,13.04,80.24000000000001,0,0.5553,1.0
600004,10,2024,other,13.04,80.24000000000001,3,0.5282,1.0
600004,9,2024,other,13.04,80.24000000000001,1,0.524,1.0
600004,8,2024,other,13.04,80.24000000000001,2,0.5665,1.0
600004,7,2024,other,13.04,80.24000000000001,2,0.6307,1.0
600004,6,2024,other,13.04,80.24000000000001,3,0.7155,1.0
600004,5,2024,other,13.04,80.24000000000001,3,0.4042,1.0
600005,4,2026,other,13.05,80.25,3,0.609,1.0
600005,3,2026,other,13.05,80.25,2,0.4102,1.0
600005,2,2026,other,13.05,80.25,2,0.6215,1.0
600005,1,2026,other,13.05,80.25,1,0.5082,1.0
600005,12,2025,other,13.05,80.25,1,0.453,1.0
600005,11,2025,other,13.05,80.25,1,0.6397,1.0
600005,10,2025,other,13.05,80.25,3,0.5023,1.0
600005,9,2025,other,13.05,80.25,4,0.5337,1.0
600005,8,2025,other,13.05,80.25,2,0.5071,1.0
600005,7,2025,other,13.05,80.25,2,0.7623,1.0
600005,6,2025,other,13.05,80.25,5,0.6185,1.0
600005,5,2025,other,13.05,80.25,4,0.5212,1.0
600005,4,2025,other,13.05,80.25,1,0.4773,1.0
600005,3,2025,other,13.05,80.25,4,0.4708,1.0
600005,2,2025,other,13.05,80.25,1,0.5142,1.0
600005,1,2025,other,13.05,80.25,2,0.4282,1.0
600005,12,2024,other,13.05,80.25,1,0.3954,1.0
600005,11,2024,other,13.05,80.25,2,0.4098,1.0
600005,10,2024,other,13.05,80.25,1,0.4557,1.0
600005,9,2024,other,13.05,80.25,1,0.5842,1.0
600005,8,2024,other,13.05,80.25,7,0.5421,1.0
600005,7,2024,other,13.05,80.25,2,0.5659,1.0
600005,6,2024,other,13.05,80.25,4,0.7148,1.0
600005,5,2024,other,13.05,80.25,4,0.2836,1.0
600006,4,2026,other,13.06,80.26,3,0.4936,1.0
600006,3,2026,other,13.06,80.26,4,0.3399,1.0
600006,2,2026,other,13.06,80.26,0,0.4075,1.0
600006,1,2026,other,13.06,80.26,6,0.5447,1.0
600006,12,2025,other,13.06,80.26,1,0.3483,1.0
600006,11,2025,other,13.06,80.26,1,0.4751,1.0
600006,10,2025,other,13.06,80.26,2,0.3592,1.0
600006,9,2025,other,13.06,80.26,5,0.5316,1.0
600006,8,2025,other,13.06,80.26,3,0.6636,1.0
600006,7,2025,other,13.06,80.26,1,0.708,1.0
600006,6,2025,other,13.06,80.26,3,0.6575,1.0
600006,5,2025,other,13.06,80.26,1,0.3407,1.0
600006,4,2025,other,13.06,80.26,2,0.3556,1.0
600006,3,2025,other,13.06,80.26,0,0.5537,1.0
600006,2,2025,other,13.06,80.26,0,0.5186,1.0
600006,1,2025,other,13.06,80.26,3,0.4375,1.0
600006,12,2024,other,13.06,80.26,1,0.4884,1.0
600006,11,2024,other,13.06,80.26,2,0.4346,1.0
600006,10,2024,other,13.06,80.26,3,0.4772,1.0
600006,9,2024,other,13.06,80.26,3,0.4974,1.0
600006,8,2024,other,13.06,80.26,3,0.5778,1.0
600006,7,2024,other,13.06,80.26,3,0.6492,1.0
600006,6,2024,other,13.06,80.26,5,0.7535,1.0
600006,5,2024,other,13.06,80.26,4,0.4142,1.0
600007,4,2026,other,13.07,80.27,4,0.4392,1.0
600007,3,2026,other,13.07,80.27,3,0.6418,1.0
600007,2,2026,other,13.07,80.27,2,0.4593,1.0
600007,1,2026,other,13.07,80.27,3,0.308,1.0
600007,12,2025,other,13.07,80.27,3,0.3113,1.0
600007,11,2025,other,13.07,80.27,3,0.4769,1.0
600007,10,2025,other,13.07,80.27,3,0.612,1.0
600007,9,2025,other,13.07,80.27,2,0.737,1.0
600007,8,2025,other,13.07,80.27,3,0.4499,1.0
600007,7,2025,other,13.07,80.27,3,0.5198,1.0
600007,6,2025,other,13.07,80.27,2,0.5239,1.0
600007,5,2025,other,13.07,80.27,1,0.6574,1.0
600007,4,2025,other,13.07,80.27,2,0.6711,1.0
600007,3,2025,other,13.07,80.27,4,0.5374,1.0
600007,2,2025,other,13.07,80.27,4,0.4595,1.0
600007,1,2025,other,13.07,80.27,0,0.5313,1.0
600007,12,2024,other,13.07,80.27,1,0.2681,1.0
600007,11,2024,other,13.07,80.27,4,0.5309,1.0
600007,10,2024,other,13.07,80.27,2,0.3137,1.0
600007,9,2024,other,13.07,80.27,0,0.5567,1.0
600007,8,2024,other,13.07,80.27,6,0.5165,1.0
600007,7,2024,other,13.07,80.27,1,0.6182,1.0
600007,6,2024,other,13.07,80.27,0,0.5016,1.0
600007,5,2024,other,13.07,80.27,1,0.6872,1.0
600008,4,2026,other,13.08,80.28,1,0.4552,1.0
600008,3,2026,other,13.08,80.28,2,0.3635,1.0
600008,2,2026,other,13.08,80.28,2,0.5723,1.0
600008,1,2026,other,13.08,80.28,1,0.451,1.0
600008,12,2025,other,13.08,80.28,3,0.5038,1.0
600008,11,2025,other,13.08,80.28,1,0.3767,1.0
600008,10,2025,other,13.08,80.28,3,0.4556,1.0
600008,9,2025,other,13.08,80.28,2,0.5502,1.0
600008,8,2025,other,13.08,80.28,3,0.4547,1.0
600008,7,2025,other,13.08,80.28,3,0.5879,1.0
600008,6,2025,other,13.08,80.28,4,0.5479,1.0
600008,5,2025,other,13.08,80.28,2,0.5667,1.0
600008,4,2025,other,13.08,80.28,1,0.427,1.0
600008,3,2025,other,13.08,80.28,2,0.6824,1.0
600008,2,2025,other,13.08,80.28,2,0.4125,1.0
600008,1,2025,other,13.08,80.28,2,0.4083,1.0
600008,12,2024,other,13.08,80.28,3,0.3467,1.0
600008,11,2024,other,13.08,80.28,0,0.4076,1.0
600008,10,2024,other,13.08,80.28,2,0.4802,1.0
600008,9,2024,other,13.08,80.28,3,0.5891,1.0
600008,8,2024,other,13.08,80.28,4,0.5445,1.0
600008,7,2024,other,13.08,80.28,5,0.4946,1.0
600008,6,2024,other,13.08,80.28,6,0.8153,1.0
600008,5,2024,other,13.08,80.28,4,0.4919,1.0
600009,4,2026,other,13.09,80.29,2,0.2565,1.0
600009,3,2026,other,13.09,80.29,1,0.5534,1.0
600009,2,2026,other,13.09,80.29,1,0.4734,1.0
600009,1,2026,other,13.09,80.29,2,0.4969,1.0
600009,12,2025,other,13.09,80.29,2,0.4591,1.0
600009,11,2025,other,13.09,80.29,2,0.4794,1.0
600009,10,2025,other,13.09,80.29,0,0.3837,1.0
600009,9,2025,other,13.09,80.29,1,0.6121,1.0
600009,8,2025,other,13.09,80.29,3,0.5808,1.0
600009,7,2025,other,13.09,80.29,2,0.4343,1.0
600009,6,2025,other,13.09,80.29,4,0.5693,1.0
600009,5,2025,other,13.09,80.29,3,0.468,1.0
600009,4,2025,other,13.09,80.29,2,0.6082,1.0
600009,3,2025,other,13.09,80.29,2,0.3592,1.0
600009,2,2025,other,13.09,80.29,1,0.4043,1.0
600009,1,2025,other,13.09,80.29,1,0.4002,1.0
600009,12,2024,other,13.09,80.29,1,0.506,1.0
600009,11,2024,other,13.09,80.29,2,0.3849,1.0
600009,10,2024,other,13.09,80.29,2,0.2536,1.0
600009,9,2024,other,13.09,80.29,5,0.6692,1.0
600009,8,2024,other,13.09,80.29,2,0.6163,1.0
600009,7,2024,other,13.09,80.29,3,0.5311,1.0
600009,6,2024,other,13.09,80.29,4,0.5488,1.0
600009,5,2024,other,13.09,80.29,3,0.6242,1.0
600010,4,2026,other,13.1,80.3,3,0.4824,1.0
600010,3,2026,other,13.1,80.3,2,0.195,1.0
600010,2,2026,other,13.1,80.3,3,0.3048,1.0
600010,1,2026,other,13.1,80.3,2,0.366,1.0
600010,12,2025,other,13.1,80.3,0,0.4301,1.0
600010,11,2025,other,13.1,80.3,3,0.5246,1.0
600010,10,2025,other,13.1,80.3,0,0.5584,1.0
600010,9,2025,other,13.1,80.3,6,0.5382,1.0
600010,8,2025,other,13.1,80.3,3,0.6196,1.0
600010,7,2025,other,13.1,80.3,1,0.4862,1.0
600010,6,2025,other,13.1,80.3,4,0.6695,1.0
600010,5,2025,other,13.1,80.3,2,0.7381,1.0
600010,4,2025,other,13.1,80.3,1,0.624,1.0
600010,3,2025,other,13.1,80.3,3,0.4851,1.0
600010,2,2025,other,13.1,80.3,1,0.4834,1.0
600010,1,2025,other,13.1,80.3,2,0.4052,1.0
600010,12,2024,other,13.1,80.3,3,0.4577,1.0
600010,11,2024,other,13.1,80.3,3,0.5363,1.0
600010,10,2024,other,13.1,80.3,1,0.6308,1.0
600010,9,2024,other,13.1,80.3,3,0.5426,1.0
600010,8,2024,other,13.1,80.3,3,0.6136,1.0
600010,7,2024,other,13.1,80.3,2,0.3386,1.0
600010,6,2024,other,13.1,80.3,4,0.4452,1.0
600010,5,2024,other,13.1,80.3,0,0.6773,1.0
600011,4,2026,other,13.11,80.31,2,0.659,1.0
600011,3,2026,other,13.11,80.31,1,0.4281,1.0
600011,2,2026,other,13.11,80.31,2,0.5639,1.0
600011,1,2026,other,13.11,80.31,1,0.3477,1.0
600011,12,2025,other,13.11,80.31,3,0.3202,1.0
600011,11,2025,other,13.11,80.31,1,0.5903,1.0
600011,10,2025,other,13.11,80.31,2,0.4619,1.0
600011,9,2025,other,13.11,80.31,5,0.3714,1.0
600011,8,2025,other,13.11,80.31,3,0.5303,1.0
600011,7,2025,other,13.11,80.31,6,0.6504,1.0
600011,6,2025,other,13.11,80.31,0,0.6522,1.0
600011,5,2025,other,13.11,80.31,1,0.3643,1.0
600011,4,2025,other,13.11,80.31,3,0.5502,1.0
600011,3,2025,other,13.11,80.31,1,0.3959,1.0
600011,2,2025,other,13.11,80.31,2,0.5289,1.0
600011,1,2025,other,13.11,80.31,4,0.5428,1.0
600011,12,2024,other,13.11,80.31,0,0.5996,1.0
600011,11,2024,other,13.11,80.31,2,0.5326,1.0
600011,10,2024,other,13.11,80.31,3,0.5281,1.0
600011,9,2024,other,13.11,80.31,6,0.68,1.0
600011,8,2024,other,13.11,80.31,2,0.5085,1.0
600011,7,2024,other,13.11,80.31,3,0.7928,1.0
600011,6,2024,other,13.11,80.31,2,0.5109,1.0
600011,5,2024,other,13.11,80.31,5,0.5685,1.0
600012,4,2026,other,13.12,80.32000000000001,4,0.6549,1.0
600012,3,2026,other,13.12,80.32000000000001,2,0.517,1.0
600012,2,2026,other,13.12,80.32000000000001,1,0.3934,1.0
600012,1,2026,other,13.12,80.32000000000001,3,0.4606,1.0
600012,12,2025,other,13.12,80.32000000000001,3,0.5098,1.0
600012,11,2025,other,13.12,80.32000000000001,1,0.5005,1.0
600012,10,2025,other,13.12,80.32000000000001,3,0.5646,1.0
600012,9,2025,other,13.12,80.32000000000001,2,0.5528,1.0
600012,8,2025,other,13.12,80.32000000000001,3,0.7788,1.0
600012,7,2025,other,13.12,80.32000000000001,2,0.4679,1.0
600012,6,2025,other,13.12,80.32000000000001,3,0.3915,1.0
600012,5,2025,other,13.12,80.32000000000001,4,0.4697,1.0
600012,4,2025,other,13.12,80.32000000000001,2,0.595,1.0
600012,3,2025,other,13.12,80.32000000000001,2,0.6122,1.0
600012,2,2025,other,13.12,80.32000000000001,0,0.4732,1.0
600012,1,2025,other,13.12,80.32000000000001,2,0.6517,1.0
600012,12,2024,other,13.12,80.32000000000001,1,0.579,1.0
600012,11,2024,other,13.12,80.32000000000001,3,0.4189,1.0
600012,10,2024,other,13.12,80.32000000000001,1,0.4923,1.0
600012,9,2024,other,13.12,80.32000000000001,2,0.5983,1.0
600012,8,2024,other,13.12,80.32000000000001,3,0.6741,1.0
600012,7,2024,other,13.12,80.32000000000001,0,0.6405,1.0
600012,6,2024,other,13.12,80.32000000000001,2,0.4733,1.0
600012,5,2024,other,13.12,80.32000000000001,3,0.4805,1.0
600013,4,2026,other,13.13,80.33,0,0.4841,1.0
600013,3,2026,other,13.13,80.33,1,0.3932,1.0
600013,2,2026,other,13.13,80.33,3,0.3449,1.0
600013,1,2026,other,13.13,80.33,3,0.3167,1.0
600013,12,2025,other,13.13,80.33,3,0.4319,1.0
600013,11,2025,other,13.13,80.33,2,0.344,1.0
600013,10,2025,other,13.13,80.33,3,0.5135,1.0
600013,9,2025,other,13.13,80.33,1,0.6353,1.0
600013,8,2025,other,13.13,80.33,5,0.6431,1.0
600013,7,2025,other,13.13,80.33,3,0.6209,1.0
600013,6,2025,other,13.13,80.33,1,0.3975,1.0
600013,5,2025,other,13.13,80.33,3,0.6173,1.0
600013,4,2025,other,13.13,80.33,0,0.7292,1.0
600013,3,2025,other,13.13,80.33,3,0.6717,1.0
600013,2,2025,other,13.13,80.33,0,0.686,1.0
600013,1,2025,other,13.13,80.33,1,0.2839,1.0
600013,12,2024,other,13.13,80.33,2,0.3806,1.0
600013,11,2024,other,13.13,80.33,1,0.3119,1.0
600013,10,2024,other,13.13,80.33,4,0.324,1.0
600013,9,2024,other,13.13,80.33,3,0.5233,1.0
600013,8,2024,other,13.13,80.33,1,0.4994,1.0
600013,7,2024,other,13.13,80.33,4,0.6824,1.0
600013,6,2024,other,13.13,80.33,0,0.6242,1.0
600013,5,2024,other,13.13,80.33,1,0.4031,1.0
600014,4,2026,other,13.14,80.34,3,0.5659,1.0
600014,3,2026,other,13.14,80.34,2,0.4404,1.0
600014,2,2026,other,13.14,80.34,3,0.413,1.0
600014,1,2026,other,13.14,80.34,2,0.4342,1.0
600014,12,2025,other,13.14,80.34,2,0.3697,1.0
600014,11,2025,other,13.14,80.34,3,0.4429,1.0
600014,10,2025,other,13.14,80.34,1,0.434,1.0
600014,9,2025,other,13.14,80.34,4,0.544,1.0
600014,8,2025,other,13.14,80.34,0,0.5088,1.0
600014,7,2025,other,13.14,80.34,2,0.6282,1.0
600014,6,2025,other,13.14,80.34,0,0.636,1.0
600014,5,2025,other,13.14,80.34,4,0.4966,1.0
600014,4,2025,other,13.14,80.34,5,0.5665,1.0
600014,3,2025,other,13.14,80.34,1,0.3829,1.0
600014,2,2025,other,13.14,80.34,5,0.3946,1.0
600014,1,2025,other,13.14,80.34,1,0.3794,1.0
600014,12,2024,other,13.14,80.34,1,0.5581,1.0
600014,11,2024,other,13.14,80.34,0,0.4664,1.0
600014,10,2024,other,13.14,80.34,2,0.5066,1.0
600014,9,2024,other,13.14,80.34,3,0.6078,1.0
600014,8,2024,other,13.14,80.34,0,0.5265,1.0
600014,7,2024,other,13.14,80.34,4,0.6752,1.0
600014,6,2024,other,13.14,80.34,6,0.4958,1.0
600014,5,2024,other,13.14,80.34,4,0.3737,1.0
600015,4,2026,other,13.15,80.35000000000001,2,0.4885,1.0
600015,3,2026,other,13.15,80.35000000000001,2,0.4934,1.0
600015,2,2026,other,13.15,80.35000000000001,3,0.4268,1.0
600015,1,2026,other,13.15,80.35000000000001,0,0.6508,1.0
600015,12,2025,other,13.15,80.35000000000001,1,0.4556,1.0
600015,11,2025,other,13.15,80.35000000000001,4,0.4595,1.0
600015,10,2025,other,13.15,80.35000000000001,1,0.7031,1.0
600015,9,2025,other,13.15,80.35000000000001,2,0.6122,1.0
600015,8,2025,other,13.15,80.35000000000001,1,0.3373,1.0
600015,7,2025,other,13.15,80.35000000000001,3,0.5305,1.0
600015,6,2025,other,13.15,80.35000000000001,5,0.5204,1.0
600015,5,2025,other,13.15,80.35000000000001,1,0.2849,1.0
600015,4,2025,other,13.15,80.35000000000001,1,0.6119,1.0
600015,3,2025,other,13.15,80.35000000000001,2,0.6124,1.0
600015,2,2025,other,13.15,80.35000000000001,5,0.4444,1.0
600015,1,2025,other,13.15,80.35000000000001,4,0.3363,1.0
600015,12,2024,other,13.15,80.35000000000001,2,0.6402,1.0
600015,11,2024,other,13.15,80.35000000000001,2,0.4724,1.0
600015,10,2024,other,13.15,80.35000000000001,3,0.4037,1.0
600015,9,2024,other,13.15,80.35000000000001,2,0.6109,1.0
600015,8,2024,other,13.15,80.35000000000001,2,0.5084,1.0
600015,7,2024,other,13.15,80.35000000000001,5,0.6044,1.0
600015,6,2024,other,13.15,80.35000000000001,4,0.6416,1.0
600015,5,2024,other,13.15,80.35000000000001,2,0.6507,1.0
600016,4,2026,other,13.16,80.36,3,0.6303,1.0
600016,3,2026,other,13.16,80.36,0,0.4988,1.0
600016,2,2026,other,13.16,80.36,3,0.3283,1.0
600016,1,2026,other,13.16,80.36,2,0.3032,1.0
600016,12,2025,other,13.16,80.36,2,0.4209,1.0
600016,11,2025,other,13.16,80.36,2,0.461,1.0
600016,10,2025,other,13.16,80.36,3,0.3557,1.0
600016,9,2025,other,13.16,80.36,2,0.6202,1.0
600016,8,2025,other,13.16,80.36,1,0.501,1.0
600016,7,2025,other,13.16,80.36,5,0.4945,1.0
600016,6,2025,other,13.16,80.36,2,0.4268,1.0
600016,5,2025,other,13.16,80.36,1,0.6146,1.0
600016,4,2025,other,13.16,80.36,3,0.3792,1.0
600016,3,2025,other,13.16,80.36,0,0.5659,1.0
600016,2,2025,other,13.16,80.36,0,0.385,1.0
600016,1,2025,other,13.16,80.36,1,0.4217,1.0
600016,12,2024,other,13.16,80.36,0,0.2629,1.0
600016,11,2024,other,13.16,80.36,2,0.5753,1.0
600016,10,2024,other,13.16,80.36,3,0.5633,1.0
600016,9,2024,other,13.16,80.36,1,0.3272,1.0
600016,8,2024,other,13.16,80.36,3,0.5852,1.0
600016,7,2024,other,13.16,80.36,2,0.6861,1.0
600016,6,2024,other,13.16,80.36,4,0.5384,1.0
600016,5,2024,other,13.16,80.36,2,0.4792,1.0
600017,4,2026,other,13.17,80.37,5,0.3731,1.0
600017,3,2026,other,13.17,80.37,3,0.6637,1.0
600017,2,2026,other,13.17,80.37,1,0.5268,1.0
600017,1,2026,other,13.17,80.37,0,0.4004,1.0
600017,12,2025,other,13.17,80.37,1,0.3477,1.0
600017,11,2025,other,13.17,80.37,3,0.6185,1.0
600017,10,2025,other,13.17,80.37,0,0.553,1.0
600017,9,2025,other,13.17,80.37,4,0.784,1.0
600017,8,2025,other,13.17,80.37,5,0.5111,1.0
600017,7,2025,other,13.17,80.37,1,0.5499,1.0
600017,6,2025,other,13.17,80.37,2,0.6027,1.0
600017,5,2025,other,13.17,80.37,3,0.4489,1.0
600017,4,2025,other,13.17,80.37,4,0.4483,1.0
600017,3,2025,other,13.17,80.37,2,0.3827,1.0
600017,2,2025,other,13.17,80.37,1,0.3146,1.0
600017,1,2025,other,13.17,80.37,4,0.6267,1.0
600017,12,2024,other,13.17,80.37,0,0.372,1.0
600017,11,2024,other,13.17,80.37,1,0.5414,1.0
600017,10,2024,other,13.17,80.37,1,0.6603,1.0
600017,9,2024,other,13.17,80.37,6,0.5059,1.0
600017,8,2024,other,13.17,80.37,4,0.5953,1.0
600017,7,2024,other,13.17,80.37,2,0.5505,1.0
600017,6,2024,other,13.17,80.37,3,0.5609,1.0
600017,5,2024,other,13.17,80.37,2,0.6306,1.0
600018,4,2026,other,13.18,80.38000000000001,1,0.5374,1.0
600018,3,2026,other,13.18,80.38000000000001,0,0.4441,1.0
600018,2,2026,other,13.18,80.38000000000001,1,0.6294,1.0
600018,1,2026,other,13.18,80.38000000000001,3,0.4804,1.0
600018,12,2025,other,13.18,80.38000000000001,1,0.617,1.0
600018,11,2025,other,13.18,80.38000000000001,2,0.4138,1.0
600018,10,2025,other,13.18,80.38000000000001,1,0.5462,1.0
600018,9,2025,other,13.18,80.38000000000001,3,0.2624,1.0
600018,8,2025,other,13.18,80.38000000000001,4,0.4663,1.0
600018,7,2025,other,13.18,80.38000000000001,8,0.5743,1.0
600018,6,2025,other,13.18,80.38000000000001,4,0.3072,1.0
600018,5,2025,other,13.18,80.38000000000001,4,0.5343,1.0
600018,4,2025,other,13.18,80.38000000000001,0,0.5374,1.0
600018,3,2025,other,13.18,80.38000000000001,1,0.6305,1.0
600018,2,2025,other,13.18,80.38000000000001,2,0.3994,1.0
600018,1,2025,other,13.18,80.38000000000001,2,0.4348,1.0
600018,12,2024,other,13.18,80.38000000000001,1,0.4303,1.0
600018,11,2024,other,13.18,80.38000000000001,2,0.4719,1.0
600018,10,2024,other,13.18,80.38000000000001,1,0.3698,1.0
600018,9,2024,other,13.18,80.38000000000001,3,0.4975,1.0
600018,8,2024,other,13.18,80.38000000000001,3,0.6102,1.0
600018,7,2024,other,13.18,80.38000000000001,2,0.5454,1.0
600018,6,2024,other,13.18,80.38000000000001,7,0.6314,1.0
600018,5,2024,other,13.18,80.38000000000001,1,0.2442,1.0
600019,4,2026,other,13.19,80.39,2,0.5107,1.0
600019,3,2026,other,13.19,80.39,1,0.4756,1.0
600019,2,2026,other,13.19,80.39,3,0.4844,1.0
600019,1,2026,other,13.19,80.39,3,0.4615,1.0
600019,12,2025,other,13.19,80.39,1,0.5177,1.0
600019,11,2025,other,13.19,80.39,0,0.427,1.0
600019,10,2025,other,13.19,80.39,2,0.369,1.0
600019,9,2025,other,13.19,80.39,2,0.5511,1.0
600019,8,2025,other,13.19,80.39,2,0.6225,1.0
600019,7,2025,other,13.19,80.39,2,0.5719,1.0
600019,6,2025,other,13.19,80.39,3,0.6641,1.0
600019,5,2025,other,13.19,80.39,2,0.5003,1.0
600019,4,2025,other,13.19,80.39,2,0.6462,1.0
600019,3,2025,other,13.19,80.39,3,0.456,1.0
600019,2,2025,other,13.19,80.39,3,0.5748,1.0
600019,1,2025,other,13.19,80.39,4,0.4619,1.0
600019,12,2024,other,13.19,80.39,3,0.4954,1.0
600019,11,2024,other,13.19,80.39,2,0.4058,1.0
600019,10,2024,other,13.19,80.39,0,0.6346,1.0
600019,9,2024,other,13.19,80.39,5,0.5784,1.0
600019,8,2024,other,13.19,80.39,5,0.3938,1.0
600019,7,2024,other,13.19,80.39,2,0.4744,1.0
600019,6,2024,other,13.19,80.39,2,0.5358,1.0
600019,5,2024,other,13.19,80.39,4,0.4975,1.0
600020,4,2026,other,13.2,80.4,5,0.582,1.0
600020,3,2026,other,13.2,80.4,3,0.4655,1.0
600020,2,2026,other,13.2,80.4,3,0.4668,1.0
600020,1,2026,other,13.2,80.4,2,0.4734,1.0
600020,12,2025,other,13.2,80.4,3,0.445,1.0
600020,11,2025,other,13.2,80.4,2,0.4392,1.0
600020,10,2025,other,13.2,80.4,0,0.4951,1.0
600020,9,2025,other,13.2,80.4,1,0.3964,1.0
600020,8,2025,other,13.2,80.4,3,0.6568,1.0
600020,7,2025,other,13.2,80.4,1,0.6739,1.0
600020,6,2025,other,13.2,80.4,4,0.6989,1.0
600020,5,2025,other,13.2,80.4,3,0.6722,1.0
600020,4,2025,other,13.2,80.4,3,0.409,1.0
600020,3,2025,other,13.2,80.4,1,0.5545,1.0
600020,2,2025,other,13.2,80.4,1,0.3863,1.0
600020,1,2025,other,13.2,80.4,1,0.2593,1.0
600020,12,2024,other,13.2,80.4,2,0.4234,1.0
600020,11,2024,other,13.2,80.4,3,0.4672,1.0
600020,10,2024,other,13.2,80.4,1,0.4933,1.0
600020,9,2024,other,13.2,80.4,1,0.4174,1.0
600020,8,2024,other,13.2,80.4,1,0.5743,1.0
600020,7,2024,other,13.2,80.4,1,0.7366,1.0
600020,6,2024,other,13.2,80.4,3,0.3728,1.0
600020,5,2024,other,13.2,80.4,1,0.5948,1.0
600021,4,2026,other,13.21,80.41,3,0.5012,1.0
600021,3,2026,other,13.21,80.41,4,0.4542,1.0
600021,2,2026,other,13.21,80.41,3,0.4732,1.0
600021,1,2026,other,13.21,80.41,2,0.2974,1.0
600021,12,2025,other,13.21,80.41,3,0.5649,1.0
600021,11,2025,other,13.21,80.41,4,0.4581,1.0
600021,10,2025,other,13.21,80.41,2,0.5931,1.0
600021,9,2025,other,13.21,80.41,3,0.4998,1.0
600021,8,2025,other,13.21,80.41,2,0.5149,1.0
600021,7,2025,other,13.21,80.41,3,0.3913,1.0
600021,6,2025,other,13.21,80.41,2,0.3849,1.0
600021,5,2025,other,13.21,80.41,1,0.3242,1.0
600021,4,2025,other,13.21,80.41,2,0.3756,1.0
600021,3,2025,other,13.21,80.41,1,0.53,1.0
600021,2,2025,other,13.21,80.41,3,0.4659,1.0
600021,1,2025,other,13.21,80.41,0,0.3225,1.0
600021,12,2024,other,13.21,80.41,3,0.5272,1.0
600021,11,2024,other,13.21,80.41,0,0.5356,1.0
600021,10,2024,other,13.21,80.41,1,0.408,1.0
600021,9,2024,other,13.21,80.41,3,0.4409,1.0
600021,8,2024,other,13.21,80.41,4,0.5019,1.0
600021,7,2024,other,13.21,80.41,5,0.6346,1.0
600021,6,2024,other,13.21,80.41,2,0.5882,1.0
600021,5,2024,other,13.21,80.41,2,0.4433,1.0
600022,4,2026,other,13.22,80.42,2,0.4218,1.0
600022,3,2026,other,13.22,80.42,4,0.5703,1.0
600022,2,2026,other,13.22,80.42,1,0.445,1.0
600022,1,2026,other,13.22,80.42,2,0.4382,1.0
600022,12,2025,other,13.22,80.42,3,0.2861,1.0
600022,11,2025,other,13.22,80.42,0,0.5658,1.0
600022,10,2025,other,13.22,80.42,1,0.595,1.0
600022,9,2025,other,13.22,80.42,2,0.3968,1.0
600022,8,2025,other,13.22,80.42,4,0.5454,1.0
600022,7,2025,other,13.22,80.42,2,0.4949,1.0
600022,6,2025,other,13.22,80.42,4,0.568,1.0
600022,5,2025,other,13.22,80.42,2,0.5273,1.0
600022,4,2025,other,13.22,80.42,2,0.4813,1.0
600022,3,2025,other,13.22,80.42,0,0.6805,1.0
600022,2,2025,other,13.22,80.42,1,0.6612,1.0
600022,1,2025,other,13.22,80.42,4,0.5864,1.0
600022,12,2024,other,13.22,80.42,3,0.5354,1.0
600022,11,2024,other,13.22,80.42,0,0.4525,1.0
600022,10,2024,other,13.22,80.42,1,0.4663,1.0
600022,9,2024,other,13.22,80.42,2,0.4628,1.0
600022,8,2024,other,13.22,80.42,1,0.6445,1.0
600022,7,2024,other,13.22,80.42,4,0.4962,1.0
600022,6,2024,other,13.22,80.42,4,0.5035,1.0
600022,5,2024,other,13.22,80.42,1,0.431,1.0
600023,4,2026,other,13.23,80.43,7,0.587,1.0
600023,3,2026,other,13.23,80.43,4,0.6935,1.0
600023,2,2026,other,13.23,80.43,0,0.6944,1.0
600023,1,2026,other,13.23,80.43,3,0.1974,1.0
600023,12,2025,other,13.23,80.43,0,0.5837,1.0
600023,11,2025,other,13.23,80.43,1,0.5159,1.0
600023,10,2025,other,13.23,80.43,1,0.3576,1.0
600023,9,2025,other,13.23,80.43,3,0.4768,1.0
600023,8,2025,other,13.23,80.43,2,0.5061,1.0
600023,7,2025,other,13.23,80.43,7,0.3614,1.0
600023,6,2025,other,13.23,80.43,3,0.3541,1.0
600023,5,2025,other,13.23,80.43,5,0.592,1.0
600023,4,2025,other,13.23,80.43,2,0.6953,1.0
600023,3,2025,other,13.23,80.43,3,0.5537,1.0
600023,2,2025,other,13.23,80.43,0,0.3147,1.0
600023,1,2025,other,13.23,80.43,0,0.5366,1.0
600023,12,2024,other,13.23,80.43,2,0.5575,1.0
600023,11,2024,other,13.23,80.43,3,0.6102,1.0
600023,10,2024,other,13.23,80.43,1,0.4006,1.0
600023,9,2024,other,13.23,80.43,4,0.6781,1.0
600023,8,2024,other,13.23,80.43,2,0.4185,1.0
600023,7,2024,other,13.23,80.43,4,0.5596,1.0
600023,6,2024,other,13.23,80.43,4,0.5385,1.0
600023,5,2024,other,13.23,80.43,3,0.7873,1.0
600024,4,2026,other,13.24,80.44,1,0.3742,1.0
600024,3,2026,other,13.24,80.44,2,0.5729,1.0
600024,2,2026,other,13.24,80.44,2,0.283,1.0
600024,1,2026,other,13.24,80.44,3,0.3783,1.0
600024,12,2025,other,13.24,80.44,1,0.5174,1.0
600024,11,2025,other,13.24,80.44,1,0.5456,1.0
600024,10,2025,other,13.24,80.44,2,0.4462,1.0
600024,9,2025,other,13.24,80.44,6,0.5255,1.0
600024,8,2025,other,13.24,80.44,4,0.4797,1.0
600024,7,2025,other,13.24,80.44,6,0.4929,1.0
600024,6,2025,other,13.24,80.44,1,0.4981,1.0
600024,5,2025,other,13.24,80.44,6,0.6682,1.0
600024,4,2025,other,13.24,80.44,3,0.4146,1.0
600024,3,2025,other,13.24,80.44,2,0.4447,1.0
600024,2,2025,other,13.24,80.44,2,0.6598,1.0
600024,1,2025,other,13.24,80.44,2,0.4586,1.0
600024,12,2024,other,13.24,80.44,0,0.4532,1.0
600024,11,2024,other,13.24,80.44,3,0.5364,1.0
600024,10,2024,other,13.24,80.44,1,0.5254,1.0
600024,9,2024,other,13.24,80.44,4,0.4941,1.0
600024,8,2024,other,13.24,80.44,3,0.7538,1.0
600024,7,2024,other,13.24,80.44,7,0.5114,1.0
600024,6,2024,other,13.24,80.44,4,0.418,1.0
600024,5,2024,other,13.24,80.44,3,0.6305,1.0
600025,4,2026,other,13.25,80.45,5,0.6107,1.0
600025,3,2026,other,13.25,80.45,2,0.2575,1.0
600025,2,2026,other,13.25,80.45,1,0.6339,1.0
600025,1,2026,other,13.25,80.45,4,0.5779,1.0
600025,12,2025,other,13.25,80.45,3,0.3767,1.0
600025,11,2025,other,13.25,80.45,2,0.3763,1.0
600025,10,2025,other,13.25,80.45,0,0.4086,1.0
600025,9,2025,other,13.25,80.45,3,0.4657,1.0
600025,8,2025,other,13.25,80.45,2,0.664,1.0
600025,7,2025,other,13.25,80.45,2,0.6577,1.0
600025,6,2025,other,13.25,80.45,3,0.6169,1.0
600025,5,2025,other,13.25,80.45,5,0.697,1.0
600025,4,2025,other,13.25,80.45,6,0.4675,1.0
600025,3,2025,other,13.25,80.45,4,0.4783,1.0
600025,2,2025,other,13.25,80.45,0,0.5573,1.0
600025,1,2025,other,13.25,80.45,3,0.7126,1.0
600025,12,2024,other,13.25,80.45,3,0.6387,1.0
600025,11,2024,other,13.25,80.45,1,0.443,1.0
600025,10,2024,other,13.25,80.45,0,0.6907,1.0
600025,9,2024,other,13.25,80.45,6,0.5261,1.0
600025,8,2024,other,13.25,80.45,2,0.5572,1.0
600025,7,2024,other,13.25,80.45,3,0.5121,1.0
600025,6,2024,other,13.25,80.45,1,0.4993,1.0
600025,5,2024,other,13.25,80.45,5,0.5489,1.0
600026,4,2026,other,13.26,80.46000000000001,2,0.3992,1.0
600026,3,2026,other,13.26,80.46000000000001,2,0.3733,1.0
600026,2,2026,other,13.26,80.46000000000001,2,0.4278,1.0
600026,1,2026,other,13.26,80.46000000000001,0,0.4736,1.0
600026,12,2025,other,13.26,80.46000000000001,3,0.5175,1.0
600026,11,2025,other,13.26,80.46000000000001,3,0.5468,1.0
600026,10,2025,other,13.26,80.46000000000001,3,0.5182,1.0
600026,9,2025,other,13.26,80.46000000000001,2,0.5601,1.0
600026,8,2025,other,13.26,80.46000000000001,4,0.6302,1.0
600026,7,2025,other,13.26,80.46000000000001,2,0.463,1.0
600026,6,2025,other,13.26,80.46000000000001,4,0.4947,1.0
600026,5,2025,other,13.26,80.46000000000001,5,0.6329,1.0
600026,4,2025,other,13.26,80.46000000000001,3,0.606,1.0
600026,3,2025,other,13.26,80.46000000000001,4,0.4295,1.0
600026,2,2025,other,13.26,80.46000000000001,1,0.6682,1.0
600026,1,2025,other,13.26,80.46000000000001,3,0.4256,1.0
600026,12,2024,other,13.26,80.46000000000001,5,0.5546,1.0
600026,11,2024,other,13.26,80.46000000000001,1,0.4418,1.0
600026,10,2024,other,13.26,80.46000000000001,2,0.5379,1.0
600026,9,2024,other,13.26,80.46000000000001,3,0.6133,1.0
600026,8,2024,other,13.26,80.46000000000001,4,0.6857,1.0
600026,7,2024,other,13.26,80.46000000000001,1,0.5948,1.0
600026,6,2024,other,13.26,80.46000000000001,2,0.4678,1.0
600026,5,2024,other,13.26,80.46000000000001,2,0.6816,1.0
600027,4,2026,other,13.27,80.47,3,0.4724,1.0
600027,3,2026,other,13.27,80.47,3,0.3144,1.0
600027,2,2026,other,13.27,80.47,2,0.468,1.0
600027,1,2026,other,13.27,80.47,1,0.4452,1.0
600027,12,2025,other,13.27,80.47,2,0.3835,1.0
600027,11,2025,other,13.27,80.47,1,0.4243,1.0
600027,10,2025,other,13.27,80.47,1,0.3711,1.0
600027,9,2025,other,13.27,80.47,3,0.533,1.0
600027,8,2025,other,13.27,80.47,1,0.5651,1.0
600027,7,2025,other,13.27,80.47,6,0.3825,1.0
600027,6,2025,other,13.27,80.47,5,0.4387,1.0
600027,5,2025,other,13.27,80.47,3,0.6172,1.0
600027,4,2025,other,13.27,80.47,0,0.4179,1.0
600027,3,2025,other,13.27,80.47,0,0.5388,1.0
600027,2,2025,other,13.27,80.47,1,0.4094,1.0
600027,1,2025,other,13.27,80.47,3,0.4668,1.0
600027,12,2024,other,13.27,80.47,2,0.504,1.0
600027,11,2024,other,13.27,80.47,1,0.4466,1.0
600027,10,2024,other,13.27,80.47,3,0.6306,1.0
600027,9,2024,other,13.27,80.47,6,0.5243,1.0
600027,8,2024,other,13.27,80.47,6,0.6277,1.0
600027,7,2024,other,13.27,80.47,3,0.4028,1.0
600027,6,2024,other,13.27,80.47,1,0.5473,1.0
600027,5,2024,other,13.27,80.47,0,0.2872,1.0
600028,4,2026,other,13.28,80.48,2,0.4579,1.0
600028,3,2026,other,13.28,80.48,2,0.1634,1.0
600028,2,2026,other,13.28,80.48,4,0.3829,1.0
600028,1,2026,other,13.28,80.48,2,0.4623,1.0
600028,12,2025,other,13.28,80.48,2,0.5624,1.0
600028,11,2025,other,13.28,80.48,1,0.624,1.0
600028,10,2025,other,13.28,80.48,3,0.5551,1.0
600028,9,2025,other,13.28,80.48,2,0.5454,1.0
600028,8,2025,other,13.28,80.48,4,0.5264,1.0
600028,7,2025,other,13.28,80.48,5,0.6129,1.0
600028,6,2025,other,13.28,80.48,2,0.5019,1.0
600028,5,2025,other,13.28,80.48,1,0.303,1.0
600028,4,2025,other,13.28,80.48,1,0.561,1.0
600028,3,2025,other,13.28,80.48,0,0.481,1.0
600028,2,2025,other,13.28,80.48,5,0.6629,1.0
600028,1,2025,other,13.28,80.48,2,0.4747,1.0
600028,12,2024,other,13.28,80.48,3,0.5555,1.0
600028,11,2024,other,13.28,80.48,3,0.5024,1.0
600028,10,2024,other,13.28,80.48,0,0.48,1.0
600028,9,2024,other,13.28,80.48,3,0.4775,1.0
600028,8,2024,other,13.28,80.48,2,0.5092,1.0
600028,7,2024,other,13.28,80.48,3,0.4315,1.0
600028,6,2024,other,13.28,80.48,3,0.3297,1.0
600028,5,2024,other,13.28,80.48,2,0.5119,1.0
600029,4,2026,other,13.29,80.49000000000001,2,0.6189,1.0
600029,3,2026,other,13.29,80.49000000000001,2,0.5517,1.0
600029,2,2026,other,13.29,80.49000000000001,2,0.5096,1.0
600029,1,2026,other,13.29,80.49000000000001,2,0.487,1.0
600029,12,2025,other,13.29,80.49000000000001,0,0.6147,1.0
600029,11,2025,other,13.29,80.49000000000001,1,0.4099,1.0
600029,10,2025,other,13.29,80.49000000000001,2,0.3855,1.0
600029,9,2025,other,13.29,80.49000000000001,2,0.4936,1.0
600029,8,2025,other,13.29,80.49000000000001,3,0.5075,1.0
600029,7,2025,other,13.29,80.49000000000001,3,0.5491,1.0
600029,6,2025,other,13.29,80.49000000000001,5,0.4648,1.0
600029,5,2025,other,13.29,80.49000000000001,2,0.4645,1.0
600029,4,2025,other,13.29,80.49000000000001,5,0.4139,1.0
600029,3,2025,other,13.29,80.49000000000001,0,0.3962,1.0
600029,2,2025,other,13.29,80.49000000000001,2,0.5412,1.0
600029,1,2025,other,13.29,80.49000000000001,3,0.3731,1.0
600029,12,2024,other,13.29,80.49000000000001,1,0.5304,1.0
600029,11,2024,other,13.29,80.49000000000001,0,0.4868,1.0
600029,10,2024,other,13.29,80.49000000000001,2,0.5159,1.0
600029,9,2024,other,13.29,80.49000000000001,2,0.6597,1.0
600029,8,2024,other,13.29,80.49000000000001,5,0.697,1.0
600029,7,2024,other,13.29,80.49000000000001,5,0.3404,1.0
600029,6,2024,other,13.29,80.49000000000001,3,0.5446,1.0
600029,5,2024,other,13.29,80.49000000000001,2,0.5109,1.0
